comparison,margin_rel,decay_factor_per_period,comparison_windows,horizon_windows,strategy,replicates,p_best_paid_final,p_best_paid_final_low95_mc,p_best_paid_final_high95_mc,p_best_paid_any,p_best_paid_by_first_exposure,p_best_paid_by_first_exposure_low95_mc,p_best_paid_by_first_exposure_high95_mc,best_paid_weight_fraction,best_paid_windows_fraction,time_to_best_mean_if_seen,time_to_best_censored_fraction,time_to_first_dethrone_mean_if_seen,time_to_first_dethrone_censored_fraction,wrong_dethrones_per_run,promotions_per_run,wrong_dethrone_rate,target_variation_per_window,recipient_variation_per_window,attacker_weight_fraction,paid_fraction_of_challenge_budget,burn_fraction_of_challenge_budget
paired_same_case,0.0,0.5,1,40,honest,60,1.0,0.93982814785791,0.9999999999999998,1.0,1.0,0.93982814785791,0.9999999999999998,0.9672131147540983,0.975,1.0,0.0,1.0,0.0,0.0,1.0,0.0,0.01282051282051282,0.038461538461538464,0.0,0.7625,0.23750000000000007
paired_same_case,0.0,0.5,1,40,copy,60,1.0,0.93982814785791,0.9999999999999998,1.0,1.0,0.93982814785791,0.9999999999999998,0.9691070062957331,0.975,1.0,0.0,1.0,0.0,0.6166666666666667,1.6166666666666667,0.38144329896907214,0.015598290598290598,0.05170940170940171,0.1750446364166609,0.81625,0.18375000000000002
paired_same_case,0.0,0.5,1,40,sybil_one_key_control,60,1.0,0.93982814785791,0.9999999999999998,1.0,0.9666666666666667,0.886362257256914,0.9908106807438021,0.9559070453901232,0.9658333333333332,1.3666666666666667,0.0,1.0,0.0,0.0,1.1666666666666667,0.0,0.01282051282051282,0.042735042735042736,0.011494503853374822,0.7670833333333333,0.2329166666666667
paired_same_case,0.0,0.5,1,40,sybil,60,1.0,0.93982814785791,0.9999999999999998,1.0,0.9166666666666666,0.8193105798166558,0.9638795433982692,0.9399072762710023,0.9525,1.9,0.0,1.0,0.0,0.0,1.3166666666666667,0.0,0.01282051282051282,0.046581196581196575,0.027760935791147634,0.7737499999999999,0.22625
paired_same_case,0.0,0.5,1,40,snipe,60,1.0,0.93982814785791,0.9999999999999998,1.0,1.0,0.93982814785791,0.9999999999999998,0.9672131147540983,0.975,1.0,0.0,1.0,0.0,0.0,1.0,0.0,0.01282051282051282,0.038461538461538464,0.0,0.7625,0.23750000000000007
paired_same_case,0.0,0.5,1,40,timing,60,1.0,0.93982814785791,0.9999999999999998,1.0,0.0,0.0,0.06017185214208986,0.8461538461538461,0.875,5.0,0.0,5.0,0.0,0.0,1.0,0.0,0.01282051282051282,0.038461538461538464,0.8461538461538461,0.8125,0.1875
paired_same_case,0.0,0.5,3,40,honest,60,1.0,0.93982814785791,0.9999999999999998,1.0,1.0,0.93982814785791,0.9999999999999998,0.9047619047619048,0.925,3.0,0.0,3.0,0.0,0.0,1.0,0.0,0.01282051282051282,0.038461538461538464,0.0,0.7875,0.21250000000000002
paired_same_case,0.0,0.5,3,40,copy,60,1.0,0.93982814785791,0.9999999999999998,1.0,1.0,0.93982814785791,0.9999999999999998,0.9089045168613517,0.925,3.0,0.0,3.0,0.0,0.45,1.45,0.3103448275862069,0.013247863247863248,0.04743589743589744,0.17113650601970465,0.82875,0.17125
paired_same_case,0.0,0.5,3,40,sybil_one_key_control,60,1.0,0.93982814785791,0.9999999999999998,1.0,0.8333333333333334,0.7196838683638547,0.9068682302080855,0.888522754194396,0.9108333333333333,3.566666666666667,0.0,3.0,0.0,0.0,1.1666666666666667,0.0,0.01282051282051282,0.042735042735042736,0.017051108095884216,0.7945833333333333,0.2054166666666667
paired_same_case,0.0,0.5,3,40,sybil,60,1.0,0.93982814785791,0.9999999999999998,1.0,0.5,0.3773502424155577,0.6226497575844423,0.8500608833329438,0.8766666666666667,4.933333333333334,0.0,3.0,0.0,0.0,1.5,0.0,0.01282051282051282,0.05128205128205128,0.05743607250040897,0.8116666666666666,0.18833333333333335
paired_same_case,0.0,0.5,3,40,snipe,60,1.0,0.93982814785791,0.9999999999999998,1.0,1.0,0.93982814785791,0.9999999999999998,0.9047619047619048,0.925,3.0,0.0,3.0,0.0,0.0,1.0,0.0,0.01282051282051282,0.038461538461538464,0.0,0.7875,0.21250000000000002
paired_same_case,0.0,0.5,3,40,timing,60,1.0,0.93982814785791,0.9999999999999998,1.0,0.0,0.0,0.06017185214208986,0.7910447761194029,0.825,7.0,0.0,7.0,0.0,0.0,1.0,0.0,0.01282051282051282,0.038461538461538464,0.7910447761194029,0.8375,0.16249999999999998
paired_same_case,0.0,0.5,5,40,honest,60,1.0,0.93982814785791,0.9999999999999998,1.0,0.0,0.0,0.06017185214208986,0.8461538461538461,0.875,5.0,0.0,5.0,0.0,0.0,1.0,0.0,0.01282051282051282,0.038461538461538464,0.0,0.8125,0.1875
paired_same_case,0.0,0.5,5,40,copy,60,1.0,0.93982814785791,0.9999999999999998,1.0,0.0,0.0,0.06017185214208986,0.8519463134936719,0.875,5.0,0.0,5.0,0.0,0.2833333333333333,1.2833333333333334,0.22077922077922077,0.012606837606837607,0.044230769230769226,0.09385405996286948,0.8491666666666667,0.15083333333333335
paired_same_case,0.0,0.5,5,40,sybil_one_key_control,60,1.0,0.93982814785791,0.9999999999999998,1.0,0.0,0.0,0.06017185214208986,0.8149822008976938,0.8454166666666667,6.183333333333334,0.0,5.0,0.0,0.0,1.2333333333333334,0.0,0.01282051282051282,0.04444444444444444,0.033769282360831654,0.8272916666666668,0.17270833333333335
paired_same_case,0.0,0.5,5,40,sybil,60,1.0,0.93982814785791,0.9999999999999998,1.0,0.0,0.0,0.06017185214208986,0.7914301757153388,0.8225,7.1,0.0,5.0,0.0,0.0,1.3666666666666667,0.0,0.01282051282051282,0.04786324786324787,0.05928397630838302,0.83875,0.16125
paired_same_case,0.0,0.5,5,40,snipe,60,1.0,0.93982814785791,0.9999999999999998,1.0,0.0,0.0,0.06017185214208986,0.8461538461538461,0.875,5.0,0.0,5.0,0.0,0.0,1.0,0.0,0.01282051282051282,0.038461538461538464,0.0,0.8125,0.1875
paired_same_case,0.0,0.5,5,40,timing,60,1.0,0.93982814785791,0.9999999999999998,1.0,0.0,0.0,0.06017185214208986,0.7391304347826086,0.775,9.0,0.0,9.0,0.0,0.0,1.0,0.0,0.01282051282051282,0.038461538461538464,0.7391304347826086,0.8625,0.13749999999999993
paired_same_case,0.0,0.75,1,40,honest,60,1.0,0.93982814785791,0.9999999999999998,1.0,1.0,0.93982814785791,0.9999999999999998,0.9716312056737588,0.975,1.0,0.0,1.0,0.0,0.0,1.0,0.0,0.00641025641025641,0.03205128205128205,0.0,0.88125,0.11875000000000004
paired_same_case,0.0,0.75,1,40,copy,60,1.0,0.93982814785791,0.9999999999999998,1.0,1.0,0.93982814785791,0.9999999999999998,0.9721296792639879,0.975,1.0,0.0,1.0,0.0,0.4666666666666667,1.4666666666666666,0.3181818181818182,0.006837606837606838,0.04155982905982906,0.1783895382332947,0.8980208333333334,0.10197916666666668
paired_same_case,0.0,0.75,1,40,sybil_one_key_control,60,1.0,0.93982814785791,0.9999999999999998,1.0,0.9666666666666667,0.886362257256914,0.9908106807438021,0.9601511016981467,0.9645833333333333,1.4166666666666667,0.0,1.0,0.0,0.0,1.1666666666666667,0.0,0.00641025641025641,0.03632478632478632,0.011562104718295049,0.8838541666666667,0.11614583333333335
paired_same_case,0.0,0.75,1,40,sybil,60,1.0,0.93982814785791,0.9999999999999998,1.0,0.8666666666666667,0.7583484032350039,0.9308589051941303,0.9369735105980173,0.9433333333333334,2.2666666666666666,0.0,1.0,0.0,0.0,1.45,0.0,0.00641025641025641,0.04358974358974359,0.034905250040568325,0.8891666666666667,0.11083333333333335
paired_same_case,0.0,0.75,1,40,snipe,60,1.0,0.93982814785791,0.9999999999999998,1.0,1.0,0.93982814785791,0.9999999999999998,0.9716312056737588,0.975,1.0,0.0,1.0,0.0,0.0,1.0,0.0,0.00641025641025641,0.03205128205128205,0.0,0.88125,0.11875000000000004
paired_same_case,0.0,0.75,1,40,timing,60,1.0,0.93982814785791,0.9999999999999998,1.0,0.0,0.0,0.06017185214208986,0.8620689655172413,0.875,5.0,0.0,5.0,0.0,0.0,1.0,0.0,0.00641025641025641,0.03205128205128205,0.8620689655172413,0.90625,0.09375
paired_same_case,0.0,0.75,3,40,honest,60,1.0,0.93982814785791,0.9999999999999998,1.0,1.0,0.93982814785791,0.9999999999999998,0.916083916083916,0.925,3.0,0.0,3.0,0.0,0.0,1.0,0.0,0.00641025641025641,0.03205128205128205,0.0,0.89375,0.10624999999999996
paired_same_case,0.0,0.75,3,40,copy,60,1.0,0.93982814785791,0.9999999999999998,1.0,1.0,0.93982814785791,0.9999999999999998,0.9179701017204622,0.925,3.0,0.0,3.0,0.0,0.45,1.45,0.3103448275862069,0.007264957264957265,0.04188034188034188,0.14650325638653489,0.9155208333333333,0.08447916666666665
paired_same_case,0.0,0.75,3,40,sybil_one_key_control,60,1.0,0.93982814785791,0.9999999999999998,1.0,0.8166666666666667,0.7008024625353194,0.8944220311080237,0.9000327904437493,0.91,3.6,0.0,3.0,0.0,0.0,1.1833333333333333,0.0,0.00641025641025641,0.036752136752136746,0.01639507833245602,0.8975000000000001,0.10249999999999997
paired_same_case,0.0,0.75,3,40,sybil,60,1.0,0.93982814785791,0.9999999999999998,1.0,0.6166666666666667,0.49017595824099924,0.7291172762591798,0.8766046804402968,0.8879166666666667,4.483333333333333,0.0,3.0,0.0,0.016666666666666666,1.4,0.011904761904761904,0.00641025641025641,0.0423076923076923,0.0403252192645539,0.9030208333333333,0.09697916666666664
paired_same_case,0.0,0.75,3,40,snipe,60,1.0,0.93982814785791,0.9999999999999998,1.0,1.0,0.93982814785791,0.9999999999999998,0.916083916083916,0.925,3.0,0.0,3.0,0.0,0.0,1.0,0.0,0.00641025641025641,0.03205128205128205,0.0,0.89375,0.10624999999999996
paired_same_case,0.0,0.75,3,40,timing,60,1.0,0.93982814785791,0.9999999999999998,1.0,0.0,0.0,0.06017185214208986,0.8095238095238095,0.825,7.0,0.0,7.0,0.0,0.0,1.0,0.0,0.00641025641025641,0.03205128205128205,0.8095238095238095,0.91875,0.08125000000000004
paired_same_case,0.0,0.75,5,40,honest,60,1.0,0.93982814785791,0.9999999999999998,1.0,0.0,0.0,0.06017185214208986,0.8620689655172413,0.875,5.0,0.0,5.0,0.0,0.0,1.0,0.0,0.00641025641025641,0.03205128205128205,0.0,0.90625,0.09375
paired_same_case,0.0,0.75,5,40,copy,60,1.0,0.93982814785791,0.9999999999999998,1.0,0.0,0.0,0.06017185214208986,0.8641617438244253,0.875,5.0,0.0,5.0,0.0,0.31666666666666665,1.3166666666666667,0.24050632911392406,0.006837606837606838,0.03942307692307692,0.0983116447596423,0.9210416666666668,0.07895833333333332
paired_same_case,0.0,0.75,5,40,sybil_one_key_control,60,1.0,0.93982814785791,0.9999999999999998,1.0,0.0,0.0,0.06017185214208986,0.8411265094198345,0.8545833333333334,5.816666666666666,0.0,5.0,0.0,0.0,1.15,0.0,0.00641025641025641,0.035897435897435895,0.02169040095802854,0.9113541666666667,0.08864583333333333
paired_same_case,0.0,0.75,5,40,sybil,60,1.0,0.93982814785791,0.9999999999999998,1.0,0.0,0.0,0.06017185214208986,0.7957369102134189,0.8104166666666667,7.583333333333333,0.0,5.0,0.0,0.0,1.4833333333333334,0.0,0.00641025641025641,0.04444444444444444,0.06870105727895899,0.9223958333333333,0.07760416666666667
paired_same_case,0.0,0.75,5,40,snipe,60,1.0,0.93982814785791,0.9999999999999998,1.0,0.0,0.0,0.06017185214208986,0.8620689655172413,0.875,5.0,0.0,5.0,0.0,0.0,1.0,0.0,0.00641025641025641,0.03205128205128205,0.0,0.90625,0.09375
paired_same_case,0.0,0.75,5,40,timing,60,1.0,0.93982814785791,0.9999999999999998,1.0,0.0,0.0,0.06017185214208986,0.7583892617449665,0.775,9.0,0.0,9.0,0.0,0.0,1.0,0.0,0.00641025641025641,0.03205128205128205,0.7583892617449665,0.93125,0.06874999999999996
paired_same_case,0.0,1.0,1,40,honest,60,1.0,0.93982814785791,0.9999999999999998,1.0,1.0,0.93982814785791,0.9999999999999998,0.975,0.975,1.0,0.0,1.0,0.0,0.0,1.0,0.0,0.0,0.02564102564102564,0.0,1.0,0.0
paired_same_case,0.0,1.0,1,40,copy,60,1.0,0.93982814785791,0.9999999999999998,1.0,1.0,0.93982814785791,0.9999999999999998,0.975,0.975,1.0,0.0,1.0,0.0,0.38333333333333336,1.3833333333333333,0.27710843373493976,0.0,0.03461538461538461,0.15333333333333332,1.0,0.0
paired_same_case,0.0,1.0,1,40,sybil_one_key_control,60,1.0,0.93982814785791,0.9999999999999998,1.0,0.9833333333333333,0.9114487027240993,0.9970518402052136,0.9674999999999999,0.9674999999999999,1.3,0.0,1.0,0.0,0.016666666666666666,1.15,0.014492753623188406,0.0,0.02905982905982906,0.007500000000000001,1.0,0.0
paired_same_case,0.0,1.0,1,40,sybil,60,1.0,0.93982814785791,0.9999999999999998,1.0,0.8666666666666667,0.7583484032350039,0.9308589051941303,0.9454166666666667,0.9454166666666667,2.1333333333333333,0.0,1.0,0.0,0.05,1.4,0.03571428571428571,0.0,0.035897435897435895,0.029583333333333336,1.0,0.0
paired_same_case,0.0,1.0,1,40,snipe,60,1.0,0.93982814785791,0.9999999999999998,1.0,1.0,0.93982814785791,0.9999999999999998,0.975,0.975,1.0,0.0,1.0,0.0,0.0,1.0,0.0,0.0,0.02564102564102564,0.0,1.0,0.0
paired_same_case,0.0,1.0,1,40,timing,60,1.0,0.93982814785791,0.9999999999999998,1.0,0.0,0.0,0.06017185214208986,0.875,0.875,5.0,0.0,5.0,0.0,0.0,1.0,0.0,0.0,0.02564102564102564,0.875,1.0,0.0
paired_same_case,0.0,1.0,3,40,honest,60,1.0,0.93982814785791,0.9999999999999998,1.0,1.0,0.93982814785791,0.9999999999999998,0.925,0.925,3.0,0.0,3.0,0.0,0.0,1.0,0.0,0.0,0.02564102564102564,0.0,1.0,0.0
paired_same_case,0.0,1.0,3,40,copy,60,1.0,0.93982814785791,0.9999999999999998,1.0,1.0,0.93982814785791,0.9999999999999998,0.925,0.925,3.0,0.0,3.0,0.0,0.5166666666666667,1.5166666666666666,0.34065934065934067,0.0,0.036752136752136746,0.17333333333333334,1.0,0.0
paired_same_case,0.0,1.0,3,40,sybil_one_key_control,60,1.0,0.93982814785791,0.9999999999999998,1.0,0.85,0.7388541093022145,0.9190255941983225,0.9133333333333334,0.9133333333333334,3.466666666666667,0.0,3.0,0.0,0.0,1.15,0.0,0.0,0.029487179487179487,0.011666666666666665,1.0,0.0
paired_same_case,0.0,1.0,3,40,sybil,60,1.0,0.93982814785791,0.9999999999999998,1.0,0.65,0.5236261884175486,0.7583222559398244,0.89625,0.89625,4.15,0.0,3.0,0.0,0.0,1.35,0.0,0.0,0.03461538461538461,0.02875,1.0,0.0
paired_same_case,0.0,1.0,3,40,snipe,60,1.0,0.93982814785791,0.9999999999999998,1.0,1.0,0.93982814785791,0.9999999999999998,0.925,0.925,3.0,0.0,3.0,0.0,0.0,1.0,0.0,0.0,0.02564102564102564,0.0,1.0,0.0
paired_same_case,0.0,1.0,3,40,timing,60,1.0,0.93982814785791,0.9999999999999998,1.0,0.0,0.0,0.06017185214208986,0.825,0.825,7.0,0.0,7.0,0.0,0.0,1.0,0.0,0.0,0.02564102564102564,0.825,1.0,0.0
paired_same_case,0.0,1.0,5,40,honest,60,1.0,0.93982814785791,0.9999999999999998,1.0,0.0,0.0,0.06017185214208986,0.875,0.875,5.0,0.0,5.0,0.0,0.0,1.0,0.0,0.0,0.02564102564102564,0.0,1.0,0.0
paired_same_case,0.0,1.0,5,40,copy,60,1.0,0.93982814785791,0.9999999999999998,1.0,0.0,0.0,0.06017185214208986,0.875,0.875,5.0,0.0,5.0,0.0,0.36666666666666664,1.3666666666666667,0.2682926829268293,0.0,0.03461538461538461,0.1175,1.0,0.0
paired_same_case,0.0,1.0,5,40,sybil_one_key_control,60,1.0,0.93982814785791,0.9999999999999998,1.0,0.0,0.0,0.06017185214208986,0.8445833333333332,0.8445833333333332,6.216666666666667,0.0,5.0,0.0,0.0,1.2333333333333334,0.0,0.0,0.03162393162393162,0.030416666666666665,1.0,0.0
paired_same_case,0.0,1.0,5,40,sybil,60,1.0,0.93982814785791,0.9999999999999998,1.0,0.0,0.0,0.06017185214208986,0.8120833333333334,0.8120833333333334,7.516666666666667,0.0,5.0,0.0,0.0,1.45,0.0,0.0,0.03717948717948718,0.06291666666666666,1.0,0.0
paired_same_case,0.0,1.0,5,40,snipe,60,1.0,0.93982814785791,0.9999999999999998,1.0,0.0,0.0,0.06017185214208986,0.875,0.875,5.0,0.0,5.0,0.0,0.0,1.0,0.0,0.0,0.02564102564102564,0.0,1.0,0.0
paired_same_case,0.0,1.0,5,40,timing,60,1.0,0.93982814785791,0.9999999999999998,1.0,0.0,0.0,0.06017185214208986,0.775,0.775,9.0,0.0,9.0,0.0,0.0,1.0,0.0,0.0,0.02564102564102564,0.775,1.0,0.0
paired_same_case,0.056993107446249414,0.5,1,40,honest,60,1.0,0.93982814785791,0.9999999999999998,1.0,1.0,0.93982814785791,0.9999999999999998,0.9672131147540983,0.975,1.0,0.0,1.0,0.0,0.0,1.0,0.0,0.01282051282051282,0.038461538461538464,0.0,0.7625,0.23750000000000007
paired_same_case,0.056993107446249414,0.5,1,40,copy,60,1.0,0.93982814785791,0.9999999999999998,1.0,1.0,0.93982814785791,0.9999999999999998,0.9672131147540983,0.975,1.0,0.0,1.0,0.0,0.0,1.0,0.0,0.01282051282051282,0.038461538461538464,0.0,0.7625,0.23750000000000007
paired_same_case,0.056993107446249414,0.5,1,40,sybil_one_key_control,60,0.95,0.8629948352365147,0.9828504978356043,0.95,0.95,0.8629948352365147,0.9828504978356043,0.9188524590163935,0.9262499999999999,1.0,0.050000000000000044,1.0,0.0,0.0,1.0,0.0,0.01282051282051282,0.038461538461538464,0.04836065573770491,0.7625,0.23750000000000007
paired_same_case,0.056993107446249414,0.5,1,40,sybil,60,0.7,0.5749129205308552,0.8010183386123089,0.7,0.6666666666666666,0.5405686645211968,0.7727073847647731,0.6619040704435211,0.6675,1.8571428571428572,0.30000000000000004,1.0166666666666666,0.0,0.03333333333333333,1.0333333333333334,0.03225806451612903,0.01282051282051282,0.039316239316239315,0.3050238284000475,0.7699999999999999,0.23000000000000004
paired_same_case,0.056993107446249414,0.5,1,40,snipe,60,1.0,0.93982814785791,0.9999999999999998,1.0,1.0,0.93982814785791,0.9999999999999998,0.9661554732945531,0.9741666666666666,1.0333333333333334,0.0,1.0333333333333334,0.0,0.0,1.0,0.0,0.01282051282051282,0.038461538461538464,0.0,0.7629166666666667,0.2370833333333334
paired_same_case,0.056993107446249414,0.5,1,40,timing,60,1.0,0.93982814785791,0.9999999999999998,1.0,0.0,0.0,0.06017185214208986,0.8461538461538461,0.875,5.0,0.0,5.0,0.0,0.0,1.0,0.0,0.01282051282051282,0.038461538461538464,0.8461538461538461,0.8125,0.1875
paired_same_case,0.056993107446249414,0.5,3,40,honest,60,1.0,0.93982814785791,0.9999999999999998,1.0,1.0,0.93982814785791,0.9999999999999998,0.904265873015873,0.9245833333333333,3.0166666666666666,0.0,3.0166666666666666,0.0,0.0,1.0,0.0,0.01282051282051282,0.038461538461538464,0.0,0.7877083333333332,0.21229166666666668
paired_same_case,0.056993107446249414,0.5,3,40,copy,60,1.0,0.93982814785791,0.9999999999999998,1.0,1.0,0.93982814785791,0.9999999999999998,0.9047619047619048,0.925,3.0,0.0,3.0,0.0,0.0,1.0,0.0,0.01282051282051282,0.038461538461538464,0.0,0.7875,0.21250000000000002
paired_same_case,0.056993107446249414,0.5,3,40,sybil_one_key_control,60,0.8166666666666667,0.7008024625353194,0.8944220311080237,0.8166666666666667,0.8166666666666667,0.7008024625353194,0.8944220311080237,0.7388888888888889,0.7554166666666667,3.0,0.18333333333333335,3.0,0.0,0.0,1.0,0.0,0.01282051282051282,0.038461538461538464,0.16587301587301587,0.7875,0.21250000000000002
paired_same_case,0.056993107446249414,0.5,3,40,sybil,60,0.6166666666666667,0.49017595824099924,0.7291172762591798,0.6166666666666667,0.6166666666666667,0.49017595824099924,0.7291172762591798,0.557936507936508,0.5704166666666667,3.0,0.3833333333333333,3.0,0.0,0.0,1.0,0.0,0.01282051282051282,0.038461538461538464,0.3468253968253968,0.7875,0.21250000000000002
paired_same_case,0.056993107446249414,0.5,3,40,snipe,60,1.0,0.93982814785791,0.9999999999999998,1.0,0.95,0.8629948352365147,0.9828504978356043,0.8929243460418514,0.9137500000000001,3.45,0.0,3.0166666666666666,0.0,0.05,1.05,0.047619047619047616,0.01282051282051282,0.03974358974358974,0.011908603322722715,0.793125,0.20687500000000003
paired_same_case,0.056993107446249414,0.5,3,40,timing,60,1.0,0.93982814785791,0.9999999999999998,1.0,0.0,0.0,0.06017185214208986,0.7910447761194029,0.825,7.0,0.0,7.0,0.0,0.0,1.0,0.0,0.01282051282051282,0.038461538461538464,0.7910447761194029,0.8375,0.16249999999999998
paired_same_case,0.056993107446249414,0.5,5,40,honest,60,1.0,0.93982814785791,0.9999999999999998,1.0,0.0,0.0,0.06017185214208986,0.8461538461538461,0.875,5.0,0.0,5.0,0.0,0.0,1.0,0.0,0.01282051282051282,0.038461538461538464,0.0,0.8125,0.1875
paired_same_case,0.056993107446249414,0.5,5,40,copy,60,1.0,0.93982814785791,0.9999999999999998,1.0,0.0,0.0,0.06017185214208986,0.8461538461538461,0.875,5.0,0.0,5.0,0.0,0.0,1.0,0.0,0.01282051282051282,0.038461538461538464,0.0,0.8125,0.1875
paired_same_case,0.056993107446249414,0.5,5,40,sybil_one_key_control,60,0.7833333333333333,0.6637997242680521,0.868769559518097,0.7833333333333333,0.0,0.0,0.06017185214208986,0.6628205128205128,0.6854166666666667,5.0,0.21666666666666667,5.0,0.0,0.0,1.0,0.0,0.01282051282051282,0.038461538461538464,0.18333333333333332,0.8125,0.1875
paired_same_case,0.056993107446249414,0.5,5,40,sybil,60,0.6666666666666666,0.5405686645211968,0.7727073847647731,0.6666666666666666,0.0,0.0,0.06017185214208986,0.5641025641025641,0.5833333333333334,5.0,0.33333333333333337,5.0,0.0,0.0,1.0,0.0,0.01282051282051282,0.038461538461538464,0.28205128205128205,0.8125,0.1875
paired_same_case,0.056993107446249414,0.5,5,40,snipe,60,1.0,0.93982814785791,0.9999999999999998,1.0,0.0,0.0,0.06017185214208986,0.8291736041736042,0.8570833333333333,5.716666666666667,0.0,5.016666666666667,0.0,0.05,1.05,0.047619047619047616,0.01282051282051282,0.03952991452991453,0.017605311355311355,0.8195833333333333,0.18041666666666664
paired_same_case,0.056993107446249414,0.5,5,40,timing,60,1.0,0.93982814785791,0.9999999999999998,1.0,0.0,0.0,0.06017185214208986,0.7391304347826086,0.775,9.0,0.0,9.0,0.0,0.0,1.0,0.0,0.01282051282051282,0.038461538461538464,0.7391304347826086,0.8625,0.13749999999999993
paired_same_case,0.056993107446249414,0.75,1,40,honest,60,1.0,0.93982814785791,0.9999999999999998,1.0,1.0,0.93982814785791,0.9999999999999998,0.9716312056737588,0.975,1.0,0.0,1.0,0.0,0.0,1.0,0.0,0.00641025641025641,0.03205128205128205,0.0,0.88125,0.11875000000000004
paired_same_case,0.056993107446249414,0.75,1,40,copy,60,1.0,0.93982814785791,0.9999999999999998,1.0,1.0,0.93982814785791,0.9999999999999998,0.9716312056737588,0.975,1.0,0.0,1.0,0.0,0.0,1.0,0.0,0.00641025641025641,0.03205128205128205,0.0,0.88125,0.11875000000000004
paired_same_case,0.056993107446249414,0.75,1,40,sybil_one_key_control,60,0.75,0.6276792992295218,0.8422347746994333,0.75,0.75,0.6276792992295218,0.8422347746994333,0.7287234042553191,0.73125,1.0,0.25,1.0,0.0,0.0,1.0,0.0,0.00641025641025641,0.03205128205128205,0.2429078014184397,0.88125,0.11875000000000004
paired_same_case,0.056993107446249414,0.75,1,40,sybil,60,0.6333333333333333,0.5068300063010303,0.7437908331277456,0.6333333333333333,0.6,0.4736605349204075,0.7143050946511744,0.5983553288980222,0.6004166666666666,2.0789473684210527,0.3666666666666667,1.0333333333333334,0.0,0.03333333333333333,1.0333333333333334,0.03225806451612903,0.006517094017094017,0.03290598290598291,0.3724261874987367,0.8842708333333333,0.11572916666666669
paired_same_case,0.056993107446249414,0.75,1,40,snipe,60,1.0,0.93982814785791,0.9999999999999998,1.0,0.9833333333333333,0.9114487027240993,0.9970518402052136,0.9662611127759464,0.97,1.2,0.0,1.05,0.0,0.016666666666666666,1.0166666666666666,0.01639344262295082,0.00641025641025641,0.032478632478632474,0.004,0.8825,0.11750000000000002
paired_same_case,0.056993107446249414,0.75,1,40,timing,60,1.0,0.93982814785791,0.9999999999999998,1.0,0.0,0.0,0.06017185214208986,0.8620689655172413,0.875,5.0,0.0,5.0,0.0,0.0,1.0,0.0,0.00641025641025641,0.03205128205128205,0.8620689655172413,0.90625,0.09375
paired_same_case,0.056993107446249414,0.75,3,40,honest,60,1.0,0.93982814785791,0.9999999999999998,1.0,1.0,0.93982814785791,0.9999999999999998,0.916083916083916,0.925,3.0,0.0,3.0,0.0,0.0,1.0,0.0,0.00641025641025641,0.03205128205128205,0.0,0.89375,0.10624999999999996
paired_same_case,0.056993107446249414,0.75,3,40,copy,60,1.0,0.93982814785791,0.9999999999999998,1.0,1.0,0.93982814785791,0.9999999999999998,0.916083916083916,0.925,3.0,0.0,3.0,0.0,0.0,1.0,0.0,0.00641025641025641,0.03205128205128205,0.0,0.89375,0.10624999999999996
paired_same_case,0.056993107446249414,0.75,3,40,sybil_one_key_control,60,0.7833333333333333,0.6637997242680521,0.868769559518097,0.7833333333333333,0.7833333333333333,0.6637997242680521,0.868769559518097,0.7175990675990676,0.7245833333333334,3.0,0.21666666666666667,3.0,0.0,0.0,1.0,0.0,0.00641025641025641,0.03205128205128205,0.19848484848484846,0.89375,0.10624999999999996
paired_same_case,0.056993107446249414,0.75,3,40,sybil,60,0.5166666666666667,0.39307810032592494,0.6382495046026722,0.5166666666666667,0.5166666666666667,0.39307810032592494,0.6382495046026722,0.47331002331002325,0.47791666666666666,3.0,0.4833333333333333,3.0,0.0,0.0,1.0,0.0,0.00641025641025641,0.03205128205128205,0.4427738927738928,0.89375,0.10624999999999996
paired_same_case,0.056993107446249414,0.75,3,40,snipe,60,1.0,0.93982814785791,0.9999999999999998,1.0,0.95,0.8629948352365147,0.9828504978356043,0.8999536201093451,0.9087500000000001,3.65,0.0,3.0166666666666666,0.0,0.05,1.05,0.047619047619047616,0.006303418803418804,0.033226495726495726,0.015995125068205968,0.8976041666666668,0.10239583333333328
paired_same_case,0.056993107446249414,0.75,3,40,timing,60,1.0,0.93982814785791,0.9999999999999998,1.0,0.0,0.0,0.06017185214208986,0.8095238095238095,0.825,7.0,0.0,7.0,0.0,0.0,1.0,0.0,0.00641025641025641,0.03205128205128205,0.8095238095238095,0.91875,0.08125000000000004
paired_same_case,0.056993107446249414,0.75,5,40,honest,60,1.0,0.93982814785791,0.9999999999999998,1.0,0.0,0.0,0.06017185214208986,0.8620689655172413,0.875,5.0,0.0,5.0,0.0,0.0,1.0,0.0,0.00641025641025641,0.03205128205128205,0.0,0.90625,0.09375
paired_same_case,0.056993107446249414,0.75,5,40,copy,60,1.0,0.93982814785791,0.9999999999999998,1.0,0.0,0.0,0.06017185214208986,0.8620689655172413,0.875,5.0,0.0,5.0,0.0,0.0,1.0,0.0,0.00641025641025641,0.03205128205128205,0.0,0.90625,0.09375
paired_same_case,0.056993107446249414,0.75,5,40,sybil_one_key_control,60,0.8333333333333334,0.7196838683638547,0.9068682302080855,0.8333333333333334,0.0,0.0,0.06017185214208986,0.7183908045977011,0.7291666666666666,5.0,0.16666666666666663,5.0,0.0,0.0,1.0,0.0,0.00641025641025641,0.03205128205128205,0.14367816091954022,0.90625,0.09375
paired_same_case,0.056993107446249414,0.75,5,40,sybil,60,0.65,0.5236261884175486,0.7583222559398244,0.65,0.0,0.0,0.06017185214208986,0.5603448275862069,0.56875,5.0,0.35,5.0,0.0,0.0,1.0,0.0,0.00641025641025641,0.03205128205128205,0.3017241379310345,0.90625,0.09375
paired_same_case,0.056993107446249414,0.75,5,40,snipe,60,0.9833333333333333,0.9114487027240993,0.9970518402052136,0.9833333333333333,0.0,0.0,0.06017185214208986,0.8203150487086414,0.8325,6.135593220338983,0.01666666666666672,5.016666666666667,0.0,0.05,1.05,0.047619047619047616,0.006623931623931624,0.03333333333333333,0.04163884364218932,0.9086458333333333,0.09135416666666667
paired_same_case,0.056993107446249414,0.75,5,40,timing,60,1.0,0.93982814785791,0.9999999999999998,1.0,0.0,0.0,0.06017185214208986,0.7583892617449665,0.775,9.0,0.0,9.0,0.0,0.0,1.0,0.0,0.00641025641025641,0.03205128205128205,0.7583892617449665,0.93125,0.06874999999999996
paired_same_case,0.056993107446249414,1.0,1,40,honest,60,1.0,0.93982814785791,0.9999999999999998,1.0,1.0,0.93982814785791,0.9999999999999998,0.975,0.975,1.0,0.0,1.0,0.0,0.0,1.0,0.0,0.0,0.02564102564102564,0.0,1.0,0.0
paired_same_case,0.056993107446249414,1.0,1,40,copy,60,1.0,0.93982814785791,0.9999999999999998,1.0,1.0,0.93982814785791,0.9999999999999998,0.975,0.975,1.0,0.0,1.0,0.0,0.0,1.0,0.0,0.0,0.02564102564102564,0.0,1.0,0.0
paired_same_case,0.056993107446249414,1.0,1,40,sybil_one_key_control,60,0.75,0.6276792992295218,0.8422347746994333,0.75,0.75,0.6276792992295218,0.8422347746994333,0.7308333333333333,0.7308333333333333,1.0222222222222221,0.25,1.0166666666666666,0.0,0.0,1.0,0.0,0.0,0.02564102564102564,0.24375,1.0,0.0
paired_same_case,0.056993107446249414,1.0,1,40,sybil,60,0.6833333333333333,0.5576623297382323,0.7869413244763347,0.6833333333333333,0.6833333333333333,0.5576623297382323,0.7869413244763347,0.6658333333333333,0.6658333333333333,1.024390243902439,0.31666666666666665,1.0166666666666666,0.0,0.0,1.0,0.0,0.0,0.02564102564102564,0.30874999999999997,1.0,0.0
paired_same_case,0.056993107446249414,1.0,1,40,snipe,60,1.0,0.93982814785791,0.9999999999999998,1.0,0.9666666666666667,0.886362257256914,0.9908106807438021,0.9591666666666666,0.9591666666666666,1.6333333333333333,0.0,1.0333333333333334,0.0,0.03333333333333333,1.0333333333333334,0.03225806451612903,0.0,0.026495726495726495,0.015000000000000001,1.0,0.0
paired_same_case,0.056993107446249414,1.0,1,40,timing,60,1.0,0.93982814785791,0.9999999999999998,1.0,0.0,0.0,0.06017185214208986,0.875,0.875,5.0,0.0,5.0,0.0,0.0,1.0,0.0,0.0,0.02564102564102564,0.875,1.0,0.0
paired_same_case,0.056993107446249414,1.0,3,40,honest,60,1.0,0.93982814785791,0.9999999999999998,1.0,1.0,0.93982814785791,0.9999999999999998,0.925,0.925,3.0,0.0,3.0,0.0,0.0,1.0,0.0,0.0,0.02564102564102564,0.0,1.0,0.0
paired_same_case,0.056993107446249414,1.0,3,40,copy,60,1.0,0.93982814785791,0.9999999999999998,1.0,1.0,0.93982814785791,0.9999999999999998,0.925,0.925,3.0,0.0,3.0,0.0,0.0,1.0,0.0,0.0,0.02564102564102564,0.0,1.0,0.0
paired_same_case,0.056993107446249414,1.0,3,40,sybil_one_key_control,60,0.8166666666666667,0.7008024625353194,0.8944220311080237,0.8166666666666667,0.8166666666666667,0.7008024625353194,0.8944220311080237,0.7554166666666667,0.7554166666666667,3.0,0.18333333333333335,3.0,0.0,0.0,1.0,0.0,0.0,0.02564102564102564,0.16958333333333334,1.0,0.0
paired_same_case,0.056993107446249414,1.0,3,40,sybil,60,0.6166666666666667,0.49017595824099924,0.7291172762591798,0.6166666666666667,0.6166666666666667,0.49017595824099924,0.7291172762591798,0.5704166666666667,0.5704166666666667,3.0,0.3833333333333333,3.0,0.0,0.0,1.0,0.0,0.0,0.02564102564102564,0.35458333333333336,1.0,0.0
paired_same_case,0.056993107446249414,1.0,3,40,snipe,60,1.0,0.93982814785791,0.9999999999999998,1.0,0.9833333333333333,0.9114487027240993,0.9970518402052136,0.9204166666666667,0.9204166666666667,3.183333333333333,0.0,3.0166666666666666,0.0,0.016666666666666666,1.0166666666666666,0.01639344262295082,0.0,0.02606837606837607,0.004166666666666667,1.0,0.0
paired_same_case,0.056993107446249414,1.0,3,40,timing,60,1.0,0.93982814785791,0.9999999999999998,1.0,0.0,0.0,0.06017185214208986,0.825,0.825,7.0,0.0,7.0,0.0,0.0,1.0,0.0,0.0,0.02564102564102564,0.825,1.0,0.0
paired_same_case,0.056993107446249414,1.0,5,40,honest,60,1.0,0.93982814785791,0.9999999999999998,1.0,0.0,0.0,0.06017185214208986,0.875,0.875,5.0,0.0,5.0,0.0,0.0,1.0,0.0,0.0,0.02564102564102564,0.0,1.0,0.0
paired_same_case,0.056993107446249414,1.0,5,40,copy,60,1.0,0.93982814785791,0.9999999999999998,1.0,0.0,0.0,0.06017185214208986,0.875,0.875,5.0,0.0,5.0,0.0,0.0,1.0,0.0,0.0,0.02564102564102564,0.0,1.0,0.0
paired_same_case,0.056993107446249414,1.0,5,40,sybil_one_key_control,60,0.75,0.6276792992295218,0.8422347746994333,0.75,0.0,0.0,0.06017185214208986,0.65625,0.65625,5.0,0.25,5.0,0.0,0.0,1.0,0.0,0.0,0.02564102564102564,0.21875,1.0,0.0
paired_same_case,0.056993107446249414,1.0,5,40,sybil,60,0.6333333333333333,0.5068300063010303,0.7437908331277456,0.6333333333333333,0.0,0.0,0.06017185214208986,0.5541666666666667,0.5541666666666667,5.0,0.3666666666666667,5.0,0.0,0.0,1.0,0.0,0.0,0.02564102564102564,0.32083333333333336,1.0,0.0
paired_same_case,0.056993107446249414,1.0,5,40,snipe,60,0.9666666666666667,0.886362257256914,0.9908106807438021,0.9666666666666667,0.0,0.0,0.06017185214208986,0.84125,0.84125,5.189655172413793,0.033333333333333326,5.0,0.0,0.016666666666666666,1.0166666666666666,0.01639344262295082,0.0,0.02606837606837607,0.033749999999999995,1.0,0.0
paired_same_case,0.056993107446249414,1.0,5,40,timing,60,1.0,0.93982814785791,0.9999999999999998,1.0,0.0,0.0,0.06017185214208986,0.775,0.775,9.0,0.0,9.0,0.0,0.0,1.0,0.0,0.0,0.02564102564102564,0.775,1.0,0.0
paired_same_case,0.1,0.5,1,40,honest,60,1.0,0.93982814785791,0.9999999999999998,1.0,0.9666666666666667,0.886362257256914,0.9908106807438021,0.9423023211382265,0.9545833333333333,1.8166666666666667,0.0,1.8166666666666667,0.0,0.0,1.0,0.0,0.01282051282051282,0.038461538461538464,0.0,0.7727083333333333,0.2272916666666667
paired_same_case,0.1,0.5,1,40,copy,60,1.0,0.93982814785791,0.9999999999999998,1.0,0.9666666666666667,0.886362257256914,0.9908106807438021,0.9405040902515395,0.9533333333333333,1.8666666666666667,0.0,1.8666666666666667,0.0,0.0,1.0,0.0,0.01282051282051282,0.038461538461538464,0.0,0.7733333333333333,0.22666666666666668
paired_same_case,0.1,0.5,1,40,sybil_one_key_control,60,1.0,0.93982814785791,0.9999999999999998,1.0,0.9,0.7985053527602123,0.9533571655261158,0.9303794963465868,0.9445833333333333,2.216666666666667,0.0,2.216666666666667,0.0,0.0,1.0,0.0,0.01282051282051282,0.038461538461538464,0.0,0.7777083333333333,0.22229166666666667
paired_same_case,0.1,0.5,1,40,sybil,60,0.9833333333333333,0.9114487027240993,0.9970518402052136,0.9833333333333333,0.8833333333333333,0.7782121197582914,0.9423227935994396,0.9133013554252316,0.9279166666666666,2.2542372881355934,0.01666666666666672,2.2333333333333334,0.0,0.016666666666666666,1.0,0.016666666666666666,0.01282051282051282,0.038461538461538464,0.01612021857923497,0.7779166666666666,0.22208333333333335
paired_same_case,0.1,0.5,1,40,snipe,60,0.4666666666666667,0.34627906041438494,0.5910657297284211,0.4666666666666667,0.4666666666666667,0.34627906041438494,0.5910657297284211,0.4482099837996189,0.45249999999999996,1.2142857142857142,0.5333333333333333,1.3833333333333333,0.0,0.0,1.0,0.0,0.01282051282051282,0.038461538461538464,0.5069737709115023,0.7672916666666667,0.23270833333333338
paired_same_case,0.1,0.5,1,40,timing,60,1.0,0.93982814785791,0.9999999999999998,1.0,0.0,0.0,0.06017185214208986,0.8240632071185188,0.8545833333333334,5.816666666666666,0.0,5.816666666666666,0.0,0.0,1.0,0.0,0.01282051282051282,0.038461538461538464,0.8240632071185188,0.8227083333333333,0.17729166666666668
paired_same_case,0.1,0.5,3,40,honest,60,1.0,0.93982814785791,0.9999999999999998,1.0,0.8333333333333334,0.7196838683638547,0.9068682302080855,0.8847104698783803,0.9079166666666667,3.683333333333333,0.0,3.683333333333333,0.0,0.0,1.0,0.0,0.01282051282051282,0.038461538461538464,0.0,0.7960416666666668,0.20395833333333335
paired_same_case,0.1,0.5,3,40,copy,60,1.0,0.93982814785791,0.9999999999999998,1.0,0.8,0.6821819419437211,0.8817149467710251,0.8839253067194244,0.9070833333333334,3.716666666666667,0.0,3.716666666666667,0.0,0.0,1.0,0.0,0.01282051282051282,0.038461538461538464,0.0,0.7964583333333334,0.20354166666666668
paired_same_case,0.1,0.5,3,40,sybil_one_key_control,60,1.0,0.93982814785791,0.9999999999999998,1.0,0.8333333333333334,0.7196838683638547,0.9068682302080855,0.8871767121767122,0.91,3.6,0.0,3.6,0.0,0.0,1.0,0.0,0.01282051282051282,0.038461538461538464,0.0,0.795,0.20500000000000002
paired_same_case,0.1,0.5,3,40,sybil,60,1.0,0.93982814785791,0.9999999999999998,1.0,0.8166666666666667,0.7008024625353194,0.8944220311080237,0.8801943154884332,0.90375,3.85,0.0,3.85,0.0,0.0,1.0,0.0,0.01282051282051282,0.038461538461538464,0.0,0.7981250000000001,0.201875
paired_same_case,0.1,0.5,3,40,snipe,60,0.5833333333333334,0.45728081022640116,0.6993572144165838,0.5833333333333334,0.5166666666666667,0.39307810032592494,0.6382495046026722,0.5199619824619824,0.5329166666666667,3.4571428571428573,0.41666666666666663,3.466666666666667,0.0,0.0,1.0,0.0,0.01282051282051282,0.038461538461538464,0.3710775335775336,0.7933333333333333,0.20666666666666667
paired_same_case,0.1,0.5,3,40,timing,60,1.0,0.93982814785791,0.9999999999999998,1.0,0.0,0.0,0.06017185214208986,0.7760154293107748,0.8104166666666667,7.583333333333333,0.0,7.583333333333333,0.0,0.0,1.0,0.0,0.01282051282051282,0.038461538461538464,0.7760154293107748,0.8447916666666667,0.15520833333333334
paired_same_case,0.1,0.5,5,40,honest,60,1.0,0.93982814785791,0.9999999999999998,1.0,0.0,0.0,0.06017185214208986,0.8318534845312721,0.8620833333333333,5.516666666666667,0.0,5.516666666666667,0.0,0.0,1.0,0.0,0.01282051282051282,0.038461538461538464,0.0,0.8189583333333333,0.18104166666666668
paired_same_case,0.1,0.5,5,40,copy,60,1.0,0.93982814785791,0.9999999999999998,1.0,0.0,0.0,0.06017185214208986,0.8351289979377164,0.865,5.4,0.0,5.4,0.0,0.0,1.0,0.0,0.01282051282051282,0.038461538461538464,0.0,0.8175,0.18250000000000002
paired_same_case,0.1,0.5,5,40,sybil_one_key_control,60,1.0,0.93982814785791,0.9999999999999998,1.0,0.0,0.0,0.06017185214208986,0.8258902934934542,0.8566666666666667,5.733333333333333,0.0,5.733333333333333,0.0,0.0,1.0,0.0,0.01282051282051282,0.038461538461538464,0.0,0.8216666666666667,0.17833333333333334
paired_same_case,0.1,0.5,5,40,sybil,60,1.0,0.93982814785791,0.9999999999999998,1.0,0.0,0.0,0.06017185214208986,0.8290974170693223,0.8595833333333334,5.616666666666666,0.0,5.616666666666666,0.0,0.0,1.0,0.0,0.01282051282051282,0.038461538461538464,0.0,0.8202083333333333,0.17979166666666668
paired_same_case,0.1,0.5,5,40,snipe,60,0.6333333333333333,0.5068300063010303,0.7437908331277456,0.6333333333333333,0.0,0.0,0.06017185214208986,0.5307970636328846,0.5495833333333333,5.2894736842105265,0.3666666666666667,5.233333333333333,0.0,0.0,1.0,0.0,0.01282051282051282,0.038461538461538464,0.30885780885780884,0.8154166666666666,0.18458333333333335
paired_same_case,0.1,0.5,5,40,timing,60,1.0,0.93982814785791,0.9999999999999998,1.0,0.0,0.0,0.06017185214208986,0.7272718702526855,0.7629166666666667,9.483333333333333,0.0,9.483333333333333,0.0,0.0,1.0,0.0,0.01282051282051282,0.038461538461538464,0.7272718702526855,0.8685416666666668,0.13145833333333332
paired_same_case,0.1,0.75,1,40,honest,60,1.0,0.93982814785791,0.9999999999999998,1.0,0.95,0.8629948352365147,0.9828504978356043,0.95099105897399,0.95625,1.75,0.0,1.75,0.0,0.0,1.0,0.0,0.00641025641025641,0.03205128205128205,0.0,0.8859375,0.11406250000000002
paired_same_case,0.1,0.75,1,40,copy,60,1.0,0.93982814785791,0.9999999999999998,1.0,0.9666666666666667,0.886362257256914,0.9908106807438021,0.9462628220504901,0.9520833333333333,1.9166666666666667,0.0,1.9166666666666667,0.0,0.0,1.0,0.0,0.00641025641025641,0.03205128205128205,0.0,0.8869791666666667,0.11302083333333335
paired_same_case,0.1,0.75,1,40,sybil_one_key_control,60,1.0,0.93982814785791,0.9999999999999998,1.0,0.95,0.8629948352365147,0.9828504978356043,0.9417399538027191,0.9479166666666666,2.0833333333333335,0.0,2.0833333333333335,0.0,0.0,1.0,0.0,0.00641025641025641,0.03205128205128205,0.0,0.8880208333333334,0.11197916666666669
paired_same_case,0.1,0.75,1,40,sybil,60,0.9833333333333333,0.9114487027240993,0.9970518402052136,0.9833333333333333,0.8666666666666667,0.7583484032350039,0.9308589051941303,0.9196230678375944,0.9262499999999999,2.3220338983050848,0.01666666666666672,2.45,0.0,0.016666666666666666,1.0,0.016666666666666666,0.00641025641025641,0.03205128205128205,0.012222222222222221,0.8903125,0.10968750000000001
paired_same_case,0.1,0.75,1,40,snipe,60,0.55,0.4249193588533434,0.6690634559324476,0.55,0.5333333333333333,0.4089342702715789,0.6537209395856151,0.5270090770956941,0.5295833333333333,1.4848484848484849,0.44999999999999996,1.4333333333333333,0.0,0.0,1.0,0.0,0.00641025641025641,0.03205128205128205,0.43259206248418114,0.8839583333333334,0.11604166666666668
paired_same_case,0.1,0.75,1,40,timing,60,1.0,0.93982814785791,0.9999999999999998,1.0,0.0,0.0,0.06017185214208986,0.8382814975871504,0.8520833333333333,5.916666666666667,0.0,5.916666666666667,0.0,0.0,1.0,0.0,0.00641025641025641,0.03205128205128205,0.8382814975871504,0.9119791666666667,0.08802083333333334
paired_same_case,0.1,0.75,3,40,honest,60,1.0,0.93982814785791,0.9999999999999998,1.0,0.8333333333333334,0.7196838683638547,0.9068682302080855,0.8964962985842221,0.9066666666666666,3.7333333333333334,0.0,3.7333333333333334,0.0,0.0,1.0,0.0,0.00641025641025641,0.03205128205128205,0.0,0.8983333333333333,0.10166666666666663
paired_same_case,0.1,0.75,3,40,copy,60,1.0,0.93982814785791,0.9999999999999998,1.0,0.8833333333333333,0.7782121197582914,0.9423227935994396,0.899835411880759,0.91,3.6,0.0,3.6,0.0,0.0,1.0,0.0,0.00641025641025641,0.03205128205128205,0.0,0.8975000000000001,0.10249999999999998
paired_same_case,0.1,0.75,3,40,sybil_one_key_control,60,1.0,0.93982814785791,0.9999999999999998,1.0,0.7833333333333333,0.6637997242680521,0.868769559518097,0.8936664476201557,0.9041666666666667,3.8333333333333335,0.0,3.8333333333333335,0.0,0.0,1.0,0.0,0.00641025641025641,0.03205128205128205,0.0,0.8989583333333333,0.10104166666666664
paired_same_case,0.1,0.75,3,40,sybil,60,1.0,0.93982814785791,0.9999999999999998,1.0,0.85,0.7388541093022145,0.9190255941983225,0.8976674097127568,0.9079166666666667,3.683333333333333,0.0,3.683333333333333,0.0,0.0,1.0,0.0,0.00641025641025641,0.03205128205128205,0.0,0.8980208333333334,0.10197916666666665
paired_same_case,0.1,0.75,3,40,snipe,60,0.55,0.4249193588533434,0.6690634559324476,0.55,0.48333333333333334,0.36175049539732784,0.6069218996740751,0.49707240396895563,0.5025000000000001,3.4545454545454546,0.44999999999999996,3.3,0.0,0.0,1.0,0.0,0.00641025641025641,0.03205128205128205,0.41087801087801085,0.8956250000000001,0.10437499999999995
paired_same_case,0.1,0.75,3,40,timing,60,1.0,0.93982814785791,0.9999999999999998,1.0,0.0,0.0,0.06017185214208986,0.7870202533761851,0.8029166666666666,7.883333333333334,0.0,7.883333333333334,0.0,0.0,1.0,0.0,0.00641025641025641,0.03205128205128205,0.7870202533761851,0.9242708333333333,0.07572916666666668
paired_same_case,0.1,0.75,5,40,honest,60,1.0,0.93982814785791,0.9999999999999998,1.0,0.0,0.0,0.06017185214208986,0.8498078244464957,0.8633333333333333,5.466666666666667,0.0,5.466666666666667,0.0,0.0,1.0,0.0,0.00641025641025641,0.03205128205128205,0.0,0.9091666666666666,0.09083333333333334
paired_same_case,0.1,0.75,5,40,copy,60,1.0,0.93982814785791,0.9999999999999998,1.0,0.0,0.0,0.06017185214208986,0.8467216962777033,0.8604166666666667,5.583333333333333,0.0,5.583333333333333,0.0,0.0,1.0,0.0,0.00641025641025641,0.03205128205128205,0.0,0.9098958333333333,0.09010416666666668
paired_same_case,0.1,0.75,5,40,sybil_one_key_control,60,1.0,0.93982814785791,0.9999999999999998,1.0,0.0,0.0,0.06017185214208986,0.8424489768562202,0.85625,5.75,0.0,5.75,0.0,0.0,1.0,0.0,0.00641025641025641,0.03205128205128205,0.0,0.9109375,0.0890625
paired_same_case,0.1,0.75,5,40,sybil,60,1.0,0.93982814785791,0.9999999999999998,1.0,0.0,0.0,0.06017185214208986,0.8385577545049129,0.8524999999999999,5.9,0.0,5.9,0.0,0.0,1.0,0.0,0.00641025641025641,0.03205128205128205,0.0,0.911875,0.08812500000000001
paired_same_case,0.1,0.75,5,40,snipe,60,0.5666666666666667,0.44103438776125564,0.6842760319531324,0.5666666666666667,0.0,0.0,0.06017185214208986,0.48542561726312317,0.49291666666666667,5.205882352941177,0.43333333333333335,5.2,0.0,0.0,1.0,0.0,0.00641025641025641,0.03205128205128205,0.3713648394328602,0.9075000000000001,0.09250000000000001
paired_same_case,0.1,0.75,5,40,timing,60,1.0,0.93982814785791,0.9999999999999998,1.0,0.0,0.0,0.06017185214208986,0.7392671369008095,0.7558333333333334,9.766666666666667,0.0,9.766666666666667,0.0,0.0,1.0,0.0,0.00641025641025641,0.03205128205128205,0.7392671369008095,0.9360416666666667,0.06395833333333333
paired_same_case,0.1,1.0,1,40,honest,60,1.0,0.93982814785791,0.9999999999999998,1.0,0.9833333333333333,0.9114487027240993,0.9970518402052136,0.955,0.955,1.8,0.0,1.8,0.0,0.0,1.0,0.0,0.0,0.02564102564102564,0.0,1.0,0.0
paired_same_case,0.1,1.0,1,40,copy,60,1.0,0.93982814785791,0.9999999999999998,1.0,0.9333333333333333,0.8407464268680283,0.9737713012754938,0.9533333333333333,0.9533333333333333,1.8666666666666667,0.0,1.8666666666666667,0.0,0.0,1.0,0.0,0.0,0.02564102564102564,0.0,1.0,0.0
paired_same_case,0.1,1.0,1,40,sybil_one_key_control,60,0.95,0.8629948352365147,0.9828504978356043,0.95,0.9166666666666666,0.8193105798166558,0.9638795433982692,0.9049999999999999,0.9049999999999999,1.894736842105263,0.050000000000000044,1.8833333333333333,0.0,0.05,1.0,0.05,0.0,0.02564102564102564,0.04791666666666667,1.0,0.0
paired_same_case,0.1,1.0,1,40,sybil,60,0.9333333333333333,0.8407464268680283,0.9737713012754938,0.9333333333333333,0.8333333333333334,0.7196838683638547,0.9068682302080855,0.8775,0.8775,2.392857142857143,0.06666666666666665,2.3833333333333333,0.0,0.06666666666666667,1.0,0.06666666666666667,0.0,0.02564102564102564,0.06291666666666666,1.0,0.0
paired_same_case,0.1,1.0,1,40,snipe,60,0.6,0.4736605349204075,0.7143050946511744,0.6,0.6,0.4736605349204075,0.7143050946511744,0.5754166666666667,0.5754166666666667,1.6388888888888888,0.4,1.6,0.0,0.0,1.0,0.0,0.0,0.02564102564102564,0.38458333333333333,1.0,0.0
paired_same_case,0.1,1.0,1,40,timing,60,1.0,0.93982814785791,0.9999999999999998,1.0,0.0,0.0,0.06017185214208986,0.8541666666666666,0.8541666666666666,5.833333333333333,0.0,5.833333333333333,0.0,0.0,1.0,0.0,0.0,0.02564102564102564,0.8541666666666666,1.0,0.0
paired_same_case,0.1,1.0,3,40,honest,60,1.0,0.93982814785791,0.9999999999999998,1.0,0.8333333333333334,0.7196838683638547,0.9068682302080855,0.9058333333333334,0.9058333333333334,3.7666666666666666,0.0,3.7666666666666666,0.0,0.0,1.0,0.0,0.0,0.02564102564102564,0.0,1.0,0.0
paired_same_case,0.1,1.0,3,40,copy,60,1.0,0.93982814785791,0.9999999999999998,1.0,0.8833333333333333,0.7782121197582914,0.9423227935994396,0.9104166666666667,0.9104166666666667,3.5833333333333335,0.0,3.5833333333333335,0.0,0.0,1.0,0.0,0.0,0.02564102564102564,0.0,1.0,0.0
paired_same_case,0.1,1.0,3,40,sybil_one_key_control,60,1.0,0.93982814785791,0.9999999999999998,1.0,0.8666666666666667,0.7583484032350039,0.9308589051941303,0.9108333333333333,0.9108333333333333,3.566666666666667,0.0,3.566666666666667,0.0,0.0,1.0,0.0,0.0,0.02564102564102564,0.0,1.0,0.0
paired_same_case,0.1,1.0,3,40,sybil,60,1.0,0.93982814785791,0.9999999999999998,1.0,0.85,0.7388541093022145,0.9190255941983225,0.9091666666666668,0.9091666666666668,3.6333333333333333,0.0,3.6333333333333333,0.0,0.0,1.0,0.0,0.0,0.02564102564102564,0.0,1.0,0.0
paired_same_case,0.1,1.0,3,40,snipe,60,0.6666666666666666,0.5405686645211968,0.7727073847647731,0.6666666666666666,0.6333333333333333,0.5068300063010303,0.7437908331277456,0.6129166666666667,0.6129166666666667,3.225,0.33333333333333337,3.3,0.0,0.0,1.0,0.0,0.0,0.02564102564102564,0.3045833333333334,1.0,0.0
paired_same_case,0.1,1.0,3,40,timing,60,1.0,0.93982814785791,0.9999999999999998,1.0,0.0,0.0,0.06017185214208986,0.8070833333333333,0.8070833333333333,7.716666666666667,0.0,7.716666666666667,0.0,0.0,1.0,0.0,0.0,0.02564102564102564,0.8070833333333333,1.0,0.0
paired_same_case,0.1,1.0,5,40,honest,60,1.0,0.93982814785791,0.9999999999999998,1.0,0.0,0.0,0.06017185214208986,0.86375,0.86375,5.45,0.0,5.45,0.0,0.0,1.0,0.0,0.0,0.02564102564102564,0.0,1.0,0.0
paired_same_case,0.1,1.0,5,40,copy,60,1.0,0.93982814785791,0.9999999999999998,1.0,0.0,0.0,0.06017185214208986,0.8583333333333333,0.8583333333333333,5.666666666666667,0.0,5.666666666666667,0.0,0.0,1.0,0.0,0.0,0.02564102564102564,0.0,1.0,0.0
paired_same_case,0.1,1.0,5,40,sybil_one_key_control,60,1.0,0.93982814785791,0.9999999999999998,1.0,0.0,0.0,0.06017185214208986,0.8620833333333333,0.8620833333333333,5.516666666666667,0.0,5.516666666666667,0.0,0.0,1.0,0.0,0.0,0.02564102564102564,0.0,1.0,0.0
paired_same_case,0.1,1.0,5,40,sybil,60,1.0,0.93982814785791,0.9999999999999998,1.0,0.0,0.0,0.06017185214208986,0.8554166666666667,0.8554166666666667,5.783333333333333,0.0,5.783333333333333,0.0,0.0,1.0,0.0,0.0,0.02564102564102564,0.0,1.0,0.0
paired_same_case,0.1,1.0,5,40,snipe,60,0.5,0.3773502424155577,0.6226497575844423,0.5,0.0,0.0,0.06017185214208986,0.43291666666666667,0.43291666666666667,5.366666666666666,0.5,5.266666666666667,0.0,0.0,1.0,0.0,0.0,0.02564102564102564,0.4354166666666667,1.0,0.0
paired_same_case,0.1,1.0,5,40,timing,60,1.0,0.93982814785791,0.9999999999999998,1.0,0.0,0.0,0.06017185214208986,0.7616666666666667,0.7616666666666667,9.533333333333333,0.0,9.533333333333333,0.0,0.0,1.0,0.0,0.0,0.02564102564102564,0.7616666666666667,1.0,0.0
unpaired_counterfactual,0.0,0.5,1,40,honest,60,1.0,0.93982814785791,0.9999999999999998,1.0,1.0,0.93982814785791,0.9999999999999998,0.9661554732945531,0.9741666666666666,1.0333333333333334,0.0,1.0333333333333334,0.0,0.0,1.0,0.0,0.01282051282051282,0.038461538461538464,0.0,0.7629166666666667,0.2370833333333334
unpaired_counterfactual,0.0,0.5,1,40,copy,60,1.0,0.93982814785791,0.9999999999999998,1.0,1.0,0.93982814785791,0.9999999999999998,0.968048055683685,0.9741666666666666,1.0333333333333334,0.0,1.0333333333333334,0.0,0.5,1.5,0.3333333333333333,0.014957264957264956,0.04829059829059829,0.13373270753933963,0.8125,0.18750000000000003
unpaired_counterfactual,0.0,0.5,1,40,sybil_one_key_control,60,1.0,0.93982814785791,0.9999999999999998,1.0,0.9166666666666666,0.8193105798166558,0.9638795433982692,0.9346792104388306,0.945,2.1166666666666667,0.0,1.05,0.0,0.03333333333333333,1.1666666666666667,0.02857142857142857,0.01282051282051282,0.0423076923076923,0.03157599226383095,0.7783333333333332,0.2216666666666667
unpaired_counterfactual,0.0,0.5,1,40,sybil,60,0.9166666666666666,0.8193105798166558,0.9638795433982692,0.95,0.7166666666666667,0.5923271483560882,0.8149317157156729,0.829947407814044,0.84375,4.087719298245614,0.050000000000000044,1.2,0.0,0.06666666666666667,1.3833333333333333,0.04819277108433735,0.01282051282051282,0.04786324786324787,0.1325711298598295,0.801875,0.19812500000000002
unpaired_counterfactual,0.0,0.5,1,40,snipe,60,1.0,0.93982814785791,0.9999999999999998,1.0,1.0,0.93982814785791,0.9999999999999998,0.9656266525647805,0.97375,1.05,0.0,1.05,0.0,0.0,1.0,0.0,0.01282051282051282,0.038461538461538464,0.0,0.7631249999999999,0.23687500000000003
unpaired_counterfactual,0.0,0.5,1,40,timing,60,1.0,0.93982814785791,0.9999999999999998,1.0,0.0,0.0,0.06017185214208986,0.8456876456876457,0.8745833333333334,5.016666666666667,0.0,5.016666666666667,0.0,0.0,1.0,0.0,0.01282051282051282,0.038461538461538464,0.8456876456876457,0.8127083333333334,0.1872916666666667
unpaired_counterfactual,0.0,0.5,3,40,honest,60,1.0,0.93982814785791,0.9999999999999998,1.0,1.0,0.93982814785791,0.9999999999999998,0.9047619047619048,0.925,3.0,0.0,3.0,0.0,0.0,1.0,0.0,0.01282051282051282,0.038461538461538464,0.0,0.7875,0.21250000000000002
unpaired_counterfactual,0.0,0.5,3,40,copy,60,1.0,0.93982814785791,0.9999999999999998,1.0,1.0,0.93982814785791,0.9999999999999998,0.9088614234655956,0.925,3.0,0.0,3.0,0.0,0.3333333333333333,1.3333333333333333,0.25,0.013461538461538462,0.045726495726495724,0.15279439027075392,0.8279166666666666,0.17208333333333334
unpaired_counterfactual,0.0,0.5,3,40,sybil_one_key_control,60,1.0,0.93982814785791,0.9999999999999998,1.0,0.7666666666666667,0.6456372962239805,0.8556043826335717,0.8729769209957553,0.89625,4.15,0.0,3.0,0.0,0.016666666666666666,1.25,0.013333333333333334,0.01282051282051282,0.04444444444444444,0.03337423295445695,0.801875,0.19812500000000002
unpaired_counterfactual,0.0,0.5,3,40,sybil,60,1.0,0.93982814785791,0.9999999999999998,1.0,0.45,0.3309365440675524,0.5750806411466566,0.8005402853190957,0.8258333333333334,6.966666666666667,0.0,3.0,0.0,0.03333333333333333,1.5833333333333333,0.021052631578947368,0.01217948717948718,0.05277777777777778,0.10937020041494958,0.8364583333333333,0.16354166666666667
unpaired_counterfactual,0.0,0.5,3,40,snipe,60,1.0,0.93982814785791,0.9999999999999998,1.0,1.0,0.93982814785791,0.9999999999999998,0.9047619047619048,0.925,3.0,0.0,3.0,0.0,0.0,1.0,0.0,0.01282051282051282,0.038461538461538464,0.0,0.7875,0.21250000000000002
unpaired_counterfactual,0.0,0.5,3,40,timing,60,1.0,0.93982814785791,0.9999999999999998,1.0,0.0,0.0,0.06017185214208986,0.7910447761194029,0.825,7.0,0.0,7.0,0.0,0.0,1.0,0.0,0.01282051282051282,0.038461538461538464,0.7910447761194029,0.8375,0.16249999999999998
unpaired_counterfactual,0.0,0.5,5,40,honest,60,1.0,0.93982814785791,0.9999999999999998,1.0,0.0,0.0,0.06017185214208986,0.8461538461538461,0.875,5.0,0.0,5.0,0.0,0.0,1.0,0.0,0.01282051282051282,0.038461538461538464,0.0,0.8125,0.1875
unpaired_counterfactual,0.0,0.5,5,40,copy,60,1.0,0.93982814785791,0.9999999999999998,1.0,0.0,0.0,0.06017185214208986,0.8536538933817359,0.875,5.0,0.0,5.0,0.0,0.4166666666666667,1.4166666666666667,0.29411764705882354,0.012393162393162394,0.04636752136752136,0.150959443151389,0.8595833333333334,0.1404166666666667
unpaired_counterfactual,0.0,0.5,5,40,sybil_one_key_control,60,1.0,0.93982814785791,0.9999999999999998,1.0,0.0,0.0,0.06017185214208986,0.8138996857306716,0.8433333333333334,6.266666666666667,0.0,5.0,0.0,0.016666666666666666,1.2,0.013888888888888888,0.01282051282051282,0.04316239316239316,0.03494200712510572,0.8283333333333334,0.1716666666666667
unpaired_counterfactual,0.0,0.5,5,40,sybil,60,1.0,0.93982814785791,0.9999999999999998,1.0,0.0,0.0,0.06017185214208986,0.782528388528292,0.8120833333333334,7.516666666666667,0.0,5.0,0.0,0.0,1.35,0.0,0.012606837606837607,0.04722222222222223,0.06885813464990582,0.8435416666666666,0.1564583333333333
unpaired_counterfactual,0.0,0.5,5,40,snipe,60,1.0,0.93982814785791,0.9999999999999998,1.0,0.0,0.0,0.06017185214208986,0.8461538461538461,0.875,5.0,0.0,5.0,0.0,0.0,1.0,0.0,0.01282051282051282,0.038461538461538464,0.0,0.8125,0.1875
unpaired_counterfactual,0.0,0.5,5,40,timing,60,1.0,0.93982814785791,0.9999999999999998,1.0,0.0,0.0,0.06017185214208986,0.7391304347826086,0.775,9.0,0.0,9.0,0.0,0.0,1.0,0.0,0.01282051282051282,0.038461538461538464,0.7391304347826086,0.8625,0.13749999999999993
unpaired_counterfactual,0.0,0.75,1,40,honest,60,1.0,0.93982814785791,0.9999999999999998,1.0,1.0,0.93982814785791,0.9999999999999998,0.9711650517763794,0.9745833333333334,1.0166666666666666,0.0,1.0166666666666666,0.0,0.0,1.0,0.0,0.00641025641025641,0.03205128205128205,0.0,0.8813541666666667,0.11864583333333335
unpaired_counterfactual,0.0,0.75,1,40,copy,60,1.0,0.93982814785791,0.9999999999999998,1.0,1.0,0.93982814785791,0.9999999999999998,0.9707220808230606,0.9733333333333333,1.0666666666666667,0.0,1.0666666666666667,0.0,0.65,1.65,0.3939393939393939,0.00844017094017094,0.047329059829059834,0.18237326256882133,0.9137500000000001,0.08625000000000001
unpaired_counterfactual,0.0,0.75,1,40,sybil_one_key_control,60,0.9833333333333333,0.9114487027240993,0.9970518402052136,0.9833333333333333,0.8833333333333333,0.7782121197582914,0.9423227935994396,0.9194980848964703,0.9241666666666666,2.406779661016949,0.01666666666666672,1.1,0.0,0.0,1.2166666666666666,0.0,0.006517094017094017,0.037606837606837605,0.04954046404778435,0.8879166666666667,0.11208333333333335
unpaired_counterfactual,0.0,0.75,1,40,sybil,60,1.0,0.93982814785791,0.9999999999999998,1.0,0.65,0.5236261884175486,0.7583222559398244,0.8583715401159373,0.8645833333333334,5.05,0.0,1.15,0.0,0.1,1.5666666666666667,0.06382978723404255,0.006517094017094017,0.04594017094017094,0.10983197853344209,0.9057291666666667,0.09427083333333335
unpaired_counterfactual,0.0,0.75,1,40,snipe,60,1.0,0.93982814785791,0.9999999999999998,1.0,1.0,0.93982814785791,0.9999999999999998,0.9706988978789998,0.9741666666666666,1.0333333333333334,0.0,1.0333333333333334,0.0,0.0,1.0,0.0,0.00641025641025641,0.03205128205128205,0.0,0.8814583333333332,0.1185416666666667
unpaired_counterfactual,0.0,0.75,1,40,timing,60,1.0,0.93982814785791,0.9999999999999998,1.0,0.0,0.0,0.06017185214208986,0.8620689655172413,0.875,5.0,0.0,5.0,0.0,0.0,1.0,0.0,0.00641025641025641,0.03205128205128205,0.8620689655172413,0.90625,0.09375
unpaired_counterfactual,0.0,0.75,3,40,honest,60,1.0,0.93982814785791,0.9999999999999998,1.0,1.0,0.93982814785791,0.9999999999999998,0.916083916083916,0.925,3.0,0.0,3.0,0.0,0.0,1.0,0.0,0.00641025641025641,0.03205128205128205,0.0,0.89375,0.10624999999999996
unpaired_counterfactual,0.0,0.75,3,40,copy,60,1.0,0.93982814785791,0.9999999999999998,1.0,1.0,0.93982814785791,0.9999999999999998,0.9181672671323204,0.925,3.0,0.0,3.0,0.0,0.5,1.5,0.3333333333333333,0.006623931623931624,0.04316239316239316,0.12680865396884017,0.918125,0.08187499999999998
unpaired_counterfactual,0.0,0.75,3,40,sybil_one_key_control,60,1.0,0.93982814785791,0.9999999999999998,1.0,0.85,0.7388541093022145,0.9190255941983225,0.8897099983599759,0.8995833333333334,4.016666666666667,0.0,3.0,0.0,0.0,1.15,0.0,0.00641025641025641,0.035897435897435895,0.02693907310373883,0.9001041666666667,0.0998958333333333
unpaired_counterfactual,0.0,0.75,3,40,sybil,60,1.0,0.93982814785791,0.9999999999999998,1.0,0.6333333333333333,0.5068300063010303,0.7437908331277456,0.8398063483263362,0.85,6.0,0.0,3.0,0.0,0.0,1.3666666666666667,0.0,0.006517094017094017,0.041346153846153845,0.07777783452675796,0.9108333333333333,0.08916666666666663
unpaired_counterfactual,0.0,0.75,3,40,snipe,60,1.0,0.93982814785791,0.9999999999999998,1.0,1.0,0.93982814785791,0.9999999999999998,0.916083916083916,0.925,3.0,0.0,3.0,0.0,0.0,1.0,0.0,0.00641025641025641,0.03205128205128205,0.0,0.89375,0.10624999999999996
unpaired_counterfactual,0.0,0.75,3,40,timing,60,1.0,0.93982814785791,0.9999999999999998,1.0,0.0,0.0,0.06017185214208986,0.8095238095238095,0.825,7.0,0.0,7.0,0.0,0.0,1.0,0.0,0.00641025641025641,0.03205128205128205,0.8095238095238095,0.91875,0.08125000000000004
unpaired_counterfactual,0.0,0.75,5,40,honest,60,1.0,0.93982814785791,0.9999999999999998,1.0,0.0,0.0,0.06017185214208986,0.8620689655172413,0.875,5.0,0.0,5.0,0.0,0.0,1.0,0.0,0.00641025641025641,0.03205128205128205,0.0,0.90625,0.09375
unpaired_counterfactual,0.0,0.75,5,40,copy,60,1.0,0.93982814785791,0.9999999999999998,1.0,0.0,0.0,0.06017185214208986,0.864026535776201,0.875,5.0,0.0,5.0,0.0,0.2833333333333333,1.2833333333333334,0.22077922077922077,0.007051282051282051,0.03867521367521367,0.09428035861531617,0.9201041666666666,0.07989583333333333
unpaired_counterfactual,0.0,0.75,5,40,sybil_one_key_control,60,1.0,0.93982814785791,0.9999999999999998,1.0,0.0,0.0,0.06017185214208986,0.8366579830970035,0.85,6.0,0.0,5.0,0.0,0.0,1.15,0.0,0.00641025641025641,0.035897435897435895,0.02631851750667489,0.9125,0.0875
unpaired_counterfactual,0.0,0.75,5,40,sybil,60,1.0,0.93982814785791,0.9999999999999998,1.0,0.0,0.0,0.06017185214208986,0.7861978891080981,0.8004166666666667,7.983333333333333,0.0,5.0,0.0,0.0,1.4666666666666666,0.0,0.00641025641025641,0.04401709401709401,0.07858075770946986,0.9248958333333334,0.07510416666666668
unpaired_counterfactual,0.0,0.75,5,40,snipe,60,1.0,0.93982814785791,0.9999999999999998,1.0,0.0,0.0,0.06017185214208986,0.8620689655172413,0.875,5.0,0.0,5.0,0.0,0.0,1.0,0.0,0.00641025641025641,0.03205128205128205,0.0,0.90625,0.09375
unpaired_counterfactual,0.0,0.75,5,40,timing,60,1.0,0.93982814785791,0.9999999999999998,1.0,0.0,0.0,0.06017185214208986,0.7583892617449665,0.775,9.0,0.0,9.0,0.0,0.0,1.0,0.0,0.00641025641025641,0.03205128205128205,0.7583892617449665,0.93125,0.06874999999999996
unpaired_counterfactual,0.0,1.0,1,40,honest,60,1.0,0.93982814785791,0.9999999999999998,1.0,1.0,0.93982814785791,0.9999999999999998,0.9729166666666667,0.9729166666666667,1.0833333333333333,0.0,1.0833333333333333,0.0,0.0,1.0,0.0,0.0,0.02564102564102564,0.0,1.0,0.0
unpaired_counterfactual,0.0,1.0,1,40,copy,60,1.0,0.93982814785791,0.9999999999999998,1.0,1.0,0.93982814785791,0.9999999999999998,0.9741666666666666,0.9741666666666666,1.0333333333333334,0.0,1.0333333333333334,0.0,0.48333333333333334,1.4833333333333334,0.3258426966292135,0.0,0.03547008547008547,0.19875,1.0,0.0
unpaired_counterfactual,0.0,1.0,1,40,sybil_one_key_control,60,0.9833333333333333,0.9114487027240993,0.9970518402052136,0.9833333333333333,0.8666666666666667,0.7583484032350039,0.9308589051941303,0.9308333333333334,0.9308333333333334,2.135593220338983,0.01666666666666672,1.0833333333333333,0.0,0.0,1.1166666666666667,0.0,0.0,0.02863247863247863,0.042083333333333334,1.0,0.0
unpaired_counterfactual,0.0,1.0,1,40,sybil,60,0.9833333333333333,0.9114487027240993,0.9970518402052136,1.0,0.7666666666666667,0.6456372962239805,0.8556043826335717,0.8845833333333333,0.8845833333333333,4.466666666666667,0.0,1.15,0.0,0.03333333333333333,1.35,0.024691358024691357,0.0,0.03461538461538461,0.08666666666666667,1.0,0.0
unpaired_counterfactual,0.0,1.0,1,40,snipe,60,1.0,0.93982814785791,0.9999999999999998,1.0,1.0,0.93982814785791,0.9999999999999998,0.9745833333333334,0.9745833333333334,1.0166666666666666,0.0,1.0166666666666666,0.0,0.0,1.0,0.0,0.0,0.02564102564102564,0.0,1.0,0.0
unpaired_counterfactual,0.0,1.0,1,40,timing,60,1.0,0.93982814785791,0.9999999999999998,1.0,0.0,0.0,0.06017185214208986,0.8737499999999999,0.8737499999999999,5.05,0.0,5.05,0.0,0.0,1.0,0.0,0.0,0.02564102564102564,0.8737499999999999,1.0,0.0
unpaired_counterfactual,0.0,1.0,3,40,honest,60,1.0,0.93982814785791,0.9999999999999998,1.0,1.0,0.93982814785791,0.9999999999999998,0.925,0.925,3.0,0.0,3.0,0.0,0.0,1.0,0.0,0.0,0.02564102564102564,0.0,1.0,0.0
unpaired_counterfactual,0.0,1.0,3,40,copy,60,1.0,0.93982814785791,0.9999999999999998,1.0,1.0,0.93982814785791,0.9999999999999998,0.925,0.925,3.0,0.0,3.0,0.0,0.38333333333333336,1.3833333333333333,0.27710843373493976,0.0,0.03461538461538461,0.16083333333333333,1.0,0.0
unpaired_counterfactual,0.0,1.0,3,40,sybil_one_key_control,60,1.0,0.93982814785791,0.9999999999999998,1.0,0.7833333333333333,0.6637997242680521,0.868769559518097,0.8920833333333333,0.8920833333333333,4.316666666666666,0.0,3.0,0.0,0.016666666666666666,1.2333333333333334,0.013513513513513514,0.0,0.031196581196581197,0.03291666666666667,1.0,0.0
unpaired_counterfactual,0.0,1.0,3,40,sybil,60,1.0,0.93982814785791,0.9999999999999998,1.0,0.55,0.4249193588533434,0.6690634559324476,0.8383333333333334,0.8383333333333334,6.466666666666667,0.0,3.0,0.0,0.016666666666666666,1.4666666666666666,0.011363636363636364,0.0,0.037606837606837605,0.08666666666666667,1.0,0.0
unpaired_counterfactual,0.0,1.0,3,40,snipe,60,1.0,0.93982814785791,0.9999999999999998,1.0,1.0,0.93982814785791,0.9999999999999998,0.925,0.925,3.0,0.0,3.0,0.0,0.0,1.0,0.0,0.0,0.02564102564102564,0.0,1.0,0.0
unpaired_counterfactual,0.0,1.0,3,40,timing,60,1.0,0.93982814785791,0.9999999999999998,1.0,0.0,0.0,0.06017185214208986,0.825,0.825,7.0,0.0,7.0,0.0,0.0,1.0,0.0,0.0,0.02564102564102564,0.825,1.0,0.0
unpaired_counterfactual,0.0,1.0,5,40,honest,60,1.0,0.93982814785791,0.9999999999999998,1.0,0.0,0.0,0.06017185214208986,0.875,0.875,5.0,0.0,5.0,0.0,0.0,1.0,0.0,0.0,0.02564102564102564,0.0,1.0,0.0
unpaired_counterfactual,0.0,1.0,5,40,copy,60,1.0,0.93982814785791,0.9999999999999998,1.0,0.0,0.0,0.06017185214208986,0.8745833333333334,0.8745833333333334,5.016666666666667,0.0,5.016666666666667,0.0,0.31666666666666665,1.3166666666666667,0.24050632911392406,0.0,0.03247863247863248,0.11125,1.0,0.0
unpaired_counterfactual,0.0,1.0,5,40,sybil_one_key_control,60,1.0,0.93982814785791,0.9999999999999998,1.0,0.0,0.0,0.06017185214208986,0.85,0.85,6.0,0.0,5.0,0.0,0.0,1.1666666666666667,0.0,0.0,0.029914529914529912,0.025,1.0,0.0
unpaired_counterfactual,0.0,1.0,5,40,sybil,60,0.9833333333333333,0.9114487027240993,0.9970518402052136,1.0,0.0,0.0,0.06017185214208986,0.7820833333333332,0.7820833333333332,8.633333333333333,0.0,5.0,0.0,0.03333333333333333,1.55,0.021505376344086023,0.0,0.03974358974358974,0.09291666666666668,1.0,0.0
unpaired_counterfactual,0.0,1.0,5,40,snipe,60,1.0,0.93982814785791,0.9999999999999998,1.0,0.0,0.0,0.06017185214208986,0.875,0.875,5.0,0.0,5.0,0.0,0.0,1.0,0.0,0.0,0.02564102564102564,0.0,1.0,0.0
unpaired_counterfactual,0.0,1.0,5,40,timing,60,1.0,0.93982814785791,0.9999999999999998,1.0,0.0,0.0,0.06017185214208986,0.775,0.775,9.0,0.0,9.0,0.0,0.0,1.0,0.0,0.0,0.02564102564102564,0.775,1.0,0.0
unpaired_counterfactual,0.056993107446249414,0.5,1,40,honest,60,1.0,0.93982814785791,0.9999999999999998,1.0,1.0,0.93982814785791,0.9999999999999998,0.9650978318350079,0.9733333333333333,1.0666666666666667,0.0,1.0666666666666667,0.0,0.0,1.0,0.0,0.01282051282051282,0.038461538461538464,0.0,0.7633333333333333,0.23666666666666672
unpaired_counterfactual,0.056993107446249414,0.5,1,40,copy,60,1.0,0.93982814785791,0.9999999999999998,1.0,1.0,0.93982814785791,0.9999999999999998,0.9652359374915134,0.9733333333333333,1.0666666666666667,0.0,1.0666666666666667,0.0,0.05,1.05,0.047619047619047616,0.013247863247863248,0.03974358974358974,0.016714104996837443,0.7664583333333332,0.2335416666666667
unpaired_counterfactual,0.056993107446249414,0.5,1,40,sybil_one_key_control,60,0.95,0.8629948352365147,0.9828504978356043,0.95,0.85,0.7388541093022145,0.9190255941983225,0.8866255667122724,0.8975000000000001,2.210526315789474,0.050000000000000044,1.1333333333333333,0.0,0.15,1.15,0.13043478260869565,0.01282051282051282,0.0423076923076923,0.07684065540374727,0.776875,0.22312500000000002
unpaired_counterfactual,0.056993107446249414,0.5,1,40,sybil,60,0.8666666666666667,0.7583484032350039,0.9308589051941303,0.8833333333333333,0.6666666666666666,0.5405686645211968,0.7727073847647731,0.7330221869258968,0.7395833333333334,5.830188679245283,0.1166666666666667,1.1666666666666667,0.0,0.23333333333333334,1.2333333333333334,0.1891891891891892,0.014102564102564103,0.04444444444444444,0.22993124881454252,0.7897916666666666,0.21020833333333336
unpaired_counterfactual,0.056993107446249414,0.5,1,40,snipe,60,1.0,0.93982814785791,0.9999999999999998,1.0,0.9666666666666667,0.886362257256914,0.9908106807438021,0.9595554689155958,0.96875,1.25,0.0,1.1,0.0,0.03333333333333333,1.0333333333333334,0.03225806451612903,0.01282051282051282,0.039316239316239315,0.004576534576534576,0.765625,0.23437500000000003
unpaired_counterfactual,0.056993107446249414,0.5,1,40,timing,60,1.0,0.93982814785791,0.9999999999999998,1.0,0.0,0.0,0.06017185214208986,0.8438228438228438,0.8729166666666667,5.083333333333333,0.0,5.083333333333333,0.0,0.0,1.0,0.0,0.01282051282051282,0.038461538461538464,0.8438228438228438,0.8135416666666667,0.18645833333333334
unpaired_counterfactual,0.056993107446249414,0.5,3,40,honest,60,1.0,0.93982814785791,0.9999999999999998,1.0,1.0,0.93982814785791,0.9999999999999998,0.9032738095238095,0.9237500000000001,3.05,0.0,3.05,0.0,0.0,1.0,0.0,0.01282051282051282,0.038461538461538464,0.0,0.7881250000000001,0.211875
unpaired_counterfactual,0.056993107446249414,0.5,3,40,copy,60,1.0,0.93982814785791,0.9999999999999998,1.0,1.0,0.93982814785791,0.9999999999999998,0.9037698412698413,0.9241666666666667,3.033333333333333,0.0,3.033333333333333,0.0,0.0,1.0,0.0,0.01282051282051282,0.038461538461538464,0.0,0.7879166666666666,0.21208333333333335
unpaired_counterfactual,0.056993107446249414,0.5,3,40,sybil_one_key_control,60,0.9,0.7985053527602123,0.9533571655261158,0.9,0.8833333333333333,0.7782121197582914,0.9423227935994396,0.8071230158730158,0.825,3.3333333333333335,0.09999999999999998,3.0,0.0,0.016666666666666666,1.0166666666666666,0.01639344262295082,0.012606837606837607,0.03867521367521368,0.09797619047619048,0.7910416666666666,0.20895833333333336
unpaired_counterfactual,0.056993107446249414,0.5,3,40,sybil,60,0.6833333333333333,0.5576623297382323,0.7869413244763347,0.6833333333333333,0.48333333333333334,0.36175049539732784,0.6069218996740751,0.5402899667600071,0.5520833333333334,7.682926829268292,0.31666666666666665,3.033333333333333,0.0,0.2,1.2,0.16666666666666666,0.013247863247863248,0.04316239316239316,0.36629582169420977,0.8147916666666666,0.18520833333333334
unpaired_counterfactual,0.056993107446249414,0.5,3,40,snipe,60,1.0,0.93982814785791,0.9999999999999998,1.0,0.9666666666666667,0.886362257256914,0.9908106807438021,0.8965728715728716,0.9166666666666666,3.3333333333333335,0.0,3.0166666666666666,0.0,0.03333333333333333,1.0333333333333334,0.03225806451612903,0.012606837606837607,0.0391025641025641,0.008181818181818182,0.7916666666666666,0.20833333333333337
unpaired_counterfactual,0.056993107446249414,0.5,3,40,timing,60,1.0,0.93982814785791,0.9999999999999998,1.0,0.0,0.0,0.06017185214208986,0.7906057945566285,0.8245833333333332,7.016666666666667,0.0,7.016666666666667,0.0,0.0,1.0,0.0,0.01282051282051282,0.038461538461538464,0.7906057945566285,0.8377083333333334,0.16229166666666664
unpaired_counterfactual,0.056993107446249414,0.5,5,40,honest,60,1.0,0.93982814785791,0.9999999999999998,1.0,0.0,0.0,0.06017185214208986,0.8447691611870717,0.8737499999999999,5.05,0.0,5.05,0.0,0.0,1.0,0.0,0.01282051282051282,0.038461538461538464,0.0,0.813125,0.186875
unpaired_counterfactual,0.056993107446249414,0.5,5,40,copy,60,1.0,0.93982814785791,0.9999999999999998,1.0,0.0,0.0,0.06017185214208986,0.8461538461538461,0.875,5.0,0.0,5.0,0.0,0.0,1.0,0.0,0.01282051282051282,0.038461538461538464,0.0,0.8125,0.1875
unpaired_counterfactual,0.056993107446249414,0.5,5,40,sybil_one_key_control,60,0.8666666666666667,0.7583484032350039,0.9308589051941303,0.8666666666666667,0.0,0.0,0.06017185214208986,0.7142830446627915,0.7383333333333333,5.923076923076923,0.1333333333333333,5.0,0.0,0.03333333333333333,1.0333333333333334,0.03225806451612903,0.013034188034188035,0.039316239316239315,0.13236404945265706,0.815625,0.184375
unpaired_counterfactual,0.056993107446249414,0.5,5,40,sybil,60,0.6833333333333333,0.5576623297382323,0.7869413244763347,0.6833333333333333,0.0,0.0,0.06017185214208986,0.5439373930163404,0.5612499999999999,7.146341463414634,0.31666666666666665,5.033333333333333,0.0,0.06666666666666667,1.0666666666666667,0.0625,0.013247863247863248,0.039957264957264954,0.3029628923707871,0.8235416666666667,0.17645833333333333
unpaired_counterfactual,0.056993107446249414,0.5,5,40,snipe,60,1.0,0.93982814785791,0.9999999999999998,1.0,0.0,0.0,0.06017185214208986,0.8384548784548785,0.8674999999999999,5.3,0.0,5.05,0.0,0.03333333333333333,1.0333333333333334,0.03225806451612903,0.01282051282051282,0.039316239316239315,0.006825396825396826,0.81625,0.18375
unpaired_counterfactual,0.056993107446249414,0.5,5,40,timing,60,1.0,0.93982814785791,0.9999999999999998,1.0,0.0,0.0,0.06017185214208986,0.7378881987577639,0.77375,9.05,0.0,9.05,0.0,0.0,1.0,0.0,0.01282051282051282,0.038461538461538464,0.7378881987577639,0.863125,0.13687499999999994
unpaired_counterfactual,0.056993107446249414,0.75,1,40,honest,60,1.0,0.93982814785791,0.9999999999999998,1.0,1.0,0.93982814785791,0.9999999999999998,0.9688408019244099,0.9725,1.1,0.0,1.1,0.0,0.0,1.0,0.0,0.00641025641025641,0.03205128205128205,0.0,0.8818750000000001,0.11812500000000002
unpaired_counterfactual,0.056993107446249414,0.75,1,40,copy,60,1.0,0.93982814785791,0.9999999999999998,1.0,1.0,0.93982814785791,0.9999999999999998,0.9693004361868611,0.9729166666666667,1.0833333333333333,0.0,1.0833333333333333,0.0,0.0,1.0,0.0,0.00641025641025641,0.03205128205128205,0.0,0.8817708333333333,0.11822916666666669
unpaired_counterfactual,0.056993107446249414,0.75,1,40,sybil_one_key_control,60,0.9833333333333333,0.9114487027240993,0.9970518402052136,0.9833333333333333,0.85,0.7388541093022145,0.9190255941983225,0.8834173816310813,0.8866666666666666,3.9322033898305087,0.01666666666666672,1.1333333333333333,0.0,0.13333333333333333,1.1333333333333333,0.11764705882352941,0.006730769230769231,0.03536324786324786,0.08475860208285702,0.8894791666666666,0.11052083333333336
unpaired_counterfactual,0.056993107446249414,0.75,1,40,sybil,60,0.9,0.7985053527602123,0.9533571655261158,0.9,0.7,0.5749129205308552,0.8010183386123089,0.7581458999840147,0.7604166666666666,6.203703703703703,0.09999999999999998,1.1333333333333333,0.0,0.25,1.25,0.2,0.007158119658119658,0.03846153846153846,0.21029231638131135,0.8964583333333334,0.10354166666666668
unpaired_counterfactual,0.056993107446249414,0.75,1,40,snipe,60,1.0,0.93982814785791,0.9999999999999998,1.0,1.0,0.93982814785791,0.9999999999999998,0.9656036673567389,0.9695833333333332,1.2166666666666666,0.0,1.1333333333333333,0.0,0.03333333333333333,1.0333333333333334,0.03225806451612903,0.00641025641025641,0.03290598290598291,0.002321289821289821,0.8826041666666666,0.11739583333333335
unpaired_counterfactual,0.056993107446249414,0.75,1,40,timing,60,1.0,0.93982814785791,0.9999999999999998,1.0,0.0,0.0,0.06017185214208986,0.8594297111066124,0.8725,5.1,0.0,5.1,0.0,0.0,1.0,0.0,0.00641025641025641,0.03205128205128205,0.8594297111066124,0.906875,0.093125
unpaired_counterfactual,0.056993107446249414,0.75,3,40,honest,60,1.0,0.93982814785791,0.9999999999999998,1.0,1.0,0.93982814785791,0.9999999999999998,0.9147241647241646,0.9237500000000001,3.05,0.0,3.05,0.0,0.0,1.0,0.0,0.00641025641025641,0.03205128205128205,0.0,0.8940625000000001,0.10593749999999996
unpaired_counterfactual,0.056993107446249414,0.75,3,40,copy,60,1.0,0.93982814785791,0.9999999999999998,1.0,1.0,0.93982814785791,0.9999999999999998,0.9142709142709141,0.9233333333333335,3.066666666666667,0.0,3.066666666666667,0.0,0.0,1.0,0.0,0.00641025641025641,0.03205128205128205,0.0,0.8941666666666668,0.1058333333333333
unpaired_counterfactual,0.056993107446249414,0.75,3,40,sybil_one_key_control,60,0.8833333333333333,0.7782121197582914,0.9423227935994396,0.8833333333333333,0.8333333333333334,0.7196838683638547,0.9068682302080855,0.7812379437379438,0.7887500000000001,4.283018867924528,0.1166666666666667,3.0166666666666666,0.0,0.05,1.05,0.047619047619047616,0.006623931623931624,0.03333333333333333,0.13454958454958454,0.8956250000000001,0.10437499999999995
unpaired_counterfactual,0.056993107446249414,0.75,3,40,sybil,60,0.8166666666666667,0.7008024625353194,0.8944220311080237,0.8166666666666667,0.6666666666666666,0.5405686645211968,0.7727073847647731,0.667613070439311,0.6733333333333333,7.020408163265306,0.18333333333333335,3.066666666666667,0.0,0.15,1.15,0.13043478260869565,0.007051282051282051,0.035897435897435895,0.2474184477494815,0.9022916666666667,0.0977083333333333
unpaired_counterfactual,0.056993107446249414,0.75,3,40,snipe,60,1.0,0.93982814785791,0.9999999999999998,1.0,0.9166666666666666,0.8193105798166558,0.9638795433982692,0.893749214998899,0.9029166666666667,3.8833333333333333,0.0,3.1166666666666667,0.0,0.06666666666666667,1.0666666666666667,0.0625,0.006517094017094017,0.03376068376068376,0.01943414031725726,0.8971875,0.10281249999999996
unpaired_counterfactual,0.056993107446249414,0.75,3,40,timing,60,1.0,0.93982814785791,0.9999999999999998,1.0,0.0,0.0,0.06017185214208986,0.8086658086658087,0.8241666666666666,7.033333333333333,0.0,7.033333333333333,0.0,0.0,1.0,0.0,0.00641025641025641,0.03205128205128205,0.8086658086658087,0.9189583333333332,0.0810416666666667
unpaired_counterfactual,0.056993107446249414,0.75,5,40,honest,60,1.0,0.93982814785791,0.9999999999999998,1.0,0.0,0.0,0.06017185214208986,0.8611872146118721,0.8741666666666668,5.033333333333333,0.0,5.033333333333333,0.0,0.0,1.0,0.0,0.00641025641025641,0.03205128205128205,0.0,0.9064583333333334,0.09354166666666666
unpaired_counterfactual,0.056993107446249414,0.75,5,40,copy,60,1.0,0.93982814785791,0.9999999999999998,1.0,0.0,0.0,0.06017185214208986,0.8611872146118721,0.8741666666666668,5.033333333333333,0.0,5.033333333333333,0.0,0.0,1.0,0.0,0.00641025641025641,0.03205128205128205,0.0,0.9064583333333334,0.09354166666666666
unpaired_counterfactual,0.056993107446249414,0.75,5,40,sybil_one_key_control,60,0.8666666666666667,0.7583484032350039,0.9308589051941303,0.8666666666666667,0.0,0.0,0.06017185214208986,0.7471264367816092,0.7583333333333333,5.0,0.1333333333333333,5.0,0.0,0.0,1.0,0.0,0.00641025641025641,0.03205128205128205,0.11494252873563218,0.90625,0.09375
unpaired_counterfactual,0.056993107446249414,0.75,5,40,sybil,60,0.5833333333333334,0.45728081022640116,0.6993572144165838,0.5833333333333334,0.0,0.0,0.06017185214208986,0.490727969348659,0.4979166666666667,5.857142857142857,0.41666666666666663,5.016666666666667,0.0,0.016666666666666666,1.0166666666666666,0.01639344262295082,0.006517094017094017,0.032478632478632474,0.3709767490683882,0.906875,0.093125
unpaired_counterfactual,0.056993107446249414,0.75,5,40,snipe,60,1.0,0.93982814785791,0.9999999999999998,1.0,0.0,0.0,0.06017185214208986,0.8473324369330854,0.86,5.6,0.0,5.05,0.0,0.03333333333333333,1.0333333333333334,0.03225806451612903,0.006303418803418804,0.0327991452991453,0.013818565400843882,0.9094791666666667,0.09052083333333334
unpaired_counterfactual,0.056993107446249414,0.75,5,40,timing,60,1.0,0.93982814785791,0.9999999999999998,1.0,0.0,0.0,0.06017185214208986,0.7567188665175242,0.7733333333333333,9.066666666666666,0.0,9.066666666666666,0.0,0.0,1.0,0.0,0.00641025641025641,0.03205128205128205,0.7567188665175242,0.9316666666666666,0.06833333333333332
unpaired_counterfactual,0.056993107446249414,1.0,1,40,honest,60,1.0,0.93982814785791,0.9999999999999998,1.0,1.0,0.93982814785791,0.9999999999999998,0.9741666666666666,0.9741666666666666,1.0333333333333334,0.0,1.0333333333333334,0.0,0.0,1.0,0.0,0.0,0.02564102564102564,0.0,1.0,0.0
unpaired_counterfactual,0.056993107446249414,1.0,1,40,copy,60,1.0,0.93982814785791,0.9999999999999998,1.0,1.0,0.93982814785791,0.9999999999999998,0.9733333333333333,0.9733333333333333,1.0666666666666667,0.0,1.0666666666666667,0.0,0.06666666666666667,1.0666666666666667,0.0625,0.0,0.02735042735042735,0.030416666666666668,1.0,0.0
unpaired_counterfactual,0.056993107446249414,1.0,1,40,sybil_one_key_control,60,0.95,0.8629948352365147,0.9828504978356043,0.95,0.8833333333333333,0.7782121197582914,0.9423227935994396,0.9033333333333332,0.9033333333333332,1.9649122807017543,0.050000000000000044,1.1833333333333333,0.0,0.06666666666666667,1.0666666666666667,0.0625,0.0,0.02735042735042735,0.06708333333333334,1.0,0.0
unpaired_counterfactual,0.056993107446249414,1.0,1,40,sybil,60,0.8666666666666667,0.7583484032350039,0.9308589051941303,0.8666666666666667,0.65,0.5236261884175486,0.7583222559398244,0.7408333333333332,0.7408333333333332,5.8076923076923075,0.1333333333333333,1.1166666666666667,0.0,0.26666666666666666,1.2666666666666666,0.21052631578947367,0.0,0.03247863247863248,0.23125,1.0,0.0
unpaired_counterfactual,0.056993107446249414,1.0,1,40,snipe,60,1.0,0.93982814785791,0.9999999999999998,1.0,0.9833333333333333,0.9114487027240993,0.9970518402052136,0.9658333333333332,0.9658333333333332,1.3666666666666667,0.0,1.1666666666666667,0.0,0.03333333333333333,1.0333333333333334,0.03225806451612903,0.0,0.026495726495726495,0.005000000000000001,1.0,0.0
unpaired_counterfactual,0.056993107446249414,1.0,1,40,timing,60,1.0,0.93982814785791,0.9999999999999998,1.0,0.0,0.0,0.06017185214208986,0.8725,0.8725,5.1,0.0,5.1,0.0,0.0,1.0,0.0,0.0,0.02564102564102564,0.8725,1.0,0.0
unpaired_counterfactual,0.056993107446249414,1.0,3,40,honest,60,1.0,0.93982814785791,0.9999999999999998,1.0,0.9833333333333333,0.9114487027240993,0.9970518402052136,0.9220833333333334,0.9220833333333334,3.1166666666666667,0.0,3.1166666666666667,0.0,0.0,1.0,0.0,0.0,0.02564102564102564,0.0,1.0,0.0
unpaired_counterfactual,0.056993107446249414,1.0,3,40,copy,60,1.0,0.93982814785791,0.9999999999999998,1.0,1.0,0.93982814785791,0.9999999999999998,0.9229166666666667,0.9229166666666667,3.0833333333333335,0.0,3.0833333333333335,0.0,0.0,1.0,0.0,0.0,0.02564102564102564,0.0,1.0,0.0
unpaired_counterfactual,0.056993107446249414,1.0,3,40,sybil_one_key_control,60,0.9666666666666667,0.886362257256914,0.9908106807438021,0.9666666666666667,0.9666666666666667,0.886362257256914,0.9908106807438021,0.89375,0.89375,3.0172413793103448,0.033333333333333326,3.0166666666666666,0.0,0.0,1.0,0.0,0.0,0.02564102564102564,0.030833333333333334,1.0,0.0
unpaired_counterfactual,0.056993107446249414,1.0,3,40,sybil,60,0.75,0.6276792992295218,0.8422347746994333,0.75,0.6,0.4736605349204075,0.7143050946511744,0.6279166666666668,0.6279166666666668,6.511111111111111,0.25,3.033333333333333,0.0,0.15,1.15,0.13043478260869565,0.0,0.029487179487179487,0.29625,1.0,0.0
unpaired_counterfactual,0.056993107446249414,1.0,3,40,snipe,60,1.0,0.93982814785791,0.9999999999999998,1.0,1.0,0.93982814785791,0.9999999999999998,0.9229166666666667,0.9229166666666667,3.0833333333333335,0.0,3.0833333333333335,0.0,0.0,1.0,0.0,0.0,0.02564102564102564,0.0,1.0,0.0
unpaired_counterfactual,0.056993107446249414,1.0,3,40,timing,60,1.0,0.93982814785791,0.9999999999999998,1.0,0.0,0.0,0.06017185214208986,0.8241666666666666,0.8241666666666666,7.033333333333333,0.0,7.033333333333333,0.0,0.0,1.0,0.0,0.0,0.02564102564102564,0.8241666666666666,1.0,0.0
unpaired_counterfactual,0.056993107446249414,1.0,5,40,honest,60,1.0,0.93982814785791,0.9999999999999998,1.0,0.0,0.0,0.06017185214208986,0.875,0.875,5.0,0.0,5.0,0.0,0.0,1.0,0.0,0.0,0.02564102564102564,0.0,1.0,0.0
unpaired_counterfactual,0.056993107446249414,1.0,5,40,copy,60,1.0,0.93982814785791,0.9999999999999998,1.0,0.0,0.0,0.06017185214208986,0.8733333333333333,0.8733333333333333,5.066666666666666,0.0,5.066666666666666,0.0,0.0,1.0,0.0,0.0,0.02564102564102564,0.0,1.0,0.0
unpaired_counterfactual,0.056993107446249414,1.0,5,40,sybil_one_key_control,60,0.7666666666666667,0.6456372962239805,0.8556043826335717,0.7666666666666667,0.0,0.0,0.06017185214208986,0.6666666666666666,0.6666666666666666,5.217391304347826,0.23333333333333328,5.016666666666667,0.0,0.016666666666666666,1.0166666666666666,0.01639344262295082,0.0,0.02606837606837607,0.20791666666666667,1.0,0.0
unpaired_counterfactual,0.056993107446249414,1.0,5,40,sybil,60,0.5666666666666667,0.44103438776125564,0.6842760319531324,0.5666666666666667,0.0,0.0,0.06017185214208986,0.46458333333333335,0.46458333333333335,7.205882352941177,0.43333333333333335,5.0,0.0,0.05,1.05,0.047619047619047616,0.0,0.026923076923076925,0.41041666666666665,1.0,0.0
unpaired_counterfactual,0.056993107446249414,1.0,5,40,snipe,60,0.9833333333333333,0.9114487027240993,0.9970518402052136,0.9833333333333333,0.0,0.0,0.06017185214208986,0.8533333333333334,0.8533333333333334,5.288135593220339,0.01666666666666672,5.05,0.0,0.03333333333333333,1.0333333333333334,0.03225806451612903,0.0,0.026495726495726495,0.02041666666666667,1.0,0.0
unpaired_counterfactual,0.056993107446249414,1.0,5,40,timing,60,1.0,0.93982814785791,0.9999999999999998,1.0,0.0,0.0,0.06017185214208986,0.77375,0.77375,9.05,0.0,9.05,0.0,0.0,1.0,0.0,0.0,0.02564102564102564,0.77375,1.0,0.0
unpaired_counterfactual,0.1,0.5,1,40,honest,60,1.0,0.93982814785791,0.9999999999999998,1.0,0.85,0.7388541093022145,0.9190255941983225,0.9220406177505982,0.9379166666666666,2.4833333333333334,0.0,2.4833333333333334,0.0,0.0,1.0,0.0,0.01282051282051282,0.038461538461538464,0.0,0.7810416666666666,0.21895833333333334
unpaired_counterfactual,0.1,0.5,1,40,copy,60,1.0,0.93982814785791,0.9999999999999998,1.0,0.75,0.6276792992295218,0.8422347746994333,0.9001405226405222,0.9179166666666667,3.283333333333333,0.0,3.283333333333333,0.0,0.0,1.0,0.0,0.01282051282051282,0.038461538461538464,0.0,0.7910416666666666,0.20895833333333336
unpaired_counterfactual,0.1,0.5,1,40,sybil_one_key_control,60,0.8666666666666667,0.7583484032350039,0.9308589051941303,0.8666666666666667,0.7333333333333333,0.6099128690331636,0.8286735999671945,0.7926408668304054,0.8070833333333333,2.75,0.1333333333333333,2.566666666666667,0.0,0.13333333333333333,1.0,0.13333333333333333,0.01282051282051282,0.038461538461538464,0.12739207440423728,0.7820833333333332,0.21791666666666668
unpaired_counterfactual,0.1,0.5,1,40,sybil,60,0.8166666666666667,0.7008024625353194,0.8944220311080237,0.8166666666666667,0.7833333333333333,0.6637997242680521,0.868769559518097,0.7599606050775678,0.7716666666666666,2.204081632653061,0.18333333333333335,2.216666666666667,0.0,0.18333333333333332,1.0,0.18333333333333332,0.01282051282051282,0.038461538461538464,0.17013248444369544,0.7777083333333333,0.22229166666666667
unpaired_counterfactual,0.1,0.5,1,40,snipe,60,0.5166666666666667,0.39307810032592494,0.6382495046026722,0.5166666666666667,0.4666666666666667,0.34627906041438494,0.5910657297284211,0.476086370591112,0.48374999999999996,2.5483870967741935,0.4833333333333333,2.2333333333333334,0.0,0.0,1.0,0.0,0.01282051282051282,0.038461538461538464,0.45403076527151087,0.7779166666666666,0.22208333333333335
unpaired_counterfactual,0.1,0.5,1,40,timing,60,1.0,0.93982814785791,0.9999999999999998,1.0,0.0,0.0,0.06017185214208986,0.8007577296140872,0.8329166666666666,6.683333333333334,0.0,6.683333333333334,0.0,0.0,1.0,0.0,0.01282051282051282,0.038461538461538464,0.8007577296140872,0.8335416666666667,0.16645833333333335
unpaired_counterfactual,0.1,0.5,3,40,honest,60,1.0,0.93982814785791,0.9999999999999998,1.0,0.5166666666666667,0.39307810032592494,0.6382495046026722,0.8553278462532162,0.8816666666666666,4.733333333333333,0.0,4.733333333333333,0.0,0.0,1.0,0.0,0.01282051282051282,0.038461538461538464,0.0,0.8091666666666666,0.19083333333333335
unpaired_counterfactual,0.1,0.5,3,40,copy,60,1.0,0.93982814785791,0.9999999999999998,1.0,0.7166666666666667,0.5923271483560882,0.8149317157156729,0.8733768197676279,0.8979166666666667,4.083333333333333,0.0,4.083333333333333,0.0,0.0,1.0,0.0,0.01282051282051282,0.038461538461538464,0.0,0.8010416666666667,0.19895833333333332
unpaired_counterfactual,0.1,0.5,3,40,sybil_one_key_control,60,0.9333333333333333,0.8407464268680283,0.9737713012754938,0.9333333333333333,0.5666666666666667,0.44103438776125564,0.6842760319531324,0.8065458522682626,0.8300000000000001,4.428571428571429,0.06666666666666665,4.366666666666666,0.0,0.06666666666666667,1.0,0.06666666666666667,0.01282051282051282,0.038461538461538464,0.05934065934065934,0.8045833333333333,0.19541666666666668
unpaired_counterfactual,0.1,0.5,3,40,sybil,60,0.9,0.7985053527602123,0.9533571655261158,0.9,0.4166666666666667,0.30064278558341617,0.5427191897735989,0.756790742954712,0.7816666666666666,5.2592592592592595,0.09999999999999998,5.283333333333333,0.0,0.1,1.0,0.1,0.01282051282051282,0.038461538461538464,0.08356426182513138,0.8160416666666667,0.18395833333333333
unpaired_counterfactual,0.1,0.5,3,40,snipe,60,0.5666666666666667,0.44103438776125564,0.6842760319531324,0.5666666666666667,0.4666666666666667,0.34627906041438494,0.5910657297284211,0.4987908339587444,0.5120833333333333,3.8529411764705883,0.43333333333333335,4.0,0.0,0.0,1.0,0.0,0.01282051282051282,0.038461538461538464,0.3771580141641599,0.8,0.2
unpaired_counterfactual,0.1,0.5,3,40,timing,60,1.0,0.93982814785791,0.9999999999999998,1.0,0.0,0.0,0.06017185214208986,0.7453484349506866,0.7791666666666667,8.833333333333334,0.0,8.833333333333334,0.0,0.0,1.0,0.0,0.013034188034188035,0.038461538461538464,0.7453484349506866,0.86,0.13999999999999999
unpaired_counterfactual,0.1,0.5,5,40,honest,60,1.0,0.93982814785791,0.9999999999999998,1.0,0.0,0.0,0.06017185214208986,0.8169488319467096,0.8479166666666667,6.083333333333333,0.0,6.083333333333333,0.0,0.0,1.0,0.0,0.01282051282051282,0.038461538461538464,0.0,0.8260416666666667,0.17395833333333333
unpaired_counterfactual,0.1,0.5,5,40,copy,60,1.0,0.93982814785791,0.9999999999999998,1.0,0.0,0.0,0.06017185214208986,0.8232286068450514,0.8541666666666666,5.833333333333333,0.0,5.833333333333333,0.0,0.0,1.0,0.0,0.01282051282051282,0.038461538461538464,0.0,0.8229166666666666,0.17708333333333334
unpaired_counterfactual,0.1,0.5,5,40,sybil_one_key_control,60,0.9666666666666667,0.886362257256914,0.9908106807438021,0.9666666666666667,0.0,0.0,0.06017185214208986,0.7842800352171654,0.815,6.275862068965517,0.033333333333333326,6.35,0.0,0.03333333333333333,1.0,0.03333333333333333,0.01282051282051282,0.038461538461538464,0.025138711054204014,0.829375,0.170625
unpaired_counterfactual,0.1,0.5,5,40,sybil,60,0.8833333333333333,0.7782121197582914,0.9423227935994396,0.8833333333333333,0.0,0.0,0.06017185214208986,0.6970456686400561,0.7258333333333333,7.132075471698113,0.1166666666666667,7.233333333333333,0.0,0.11666666666666667,1.0,0.11666666666666667,0.01282051282051282,0.038461538461538464,0.08966059616432441,0.8404166666666666,0.15958333333333335
unpaired_counterfactual,0.1,0.5,5,40,snipe,60,0.6,0.4736605349204075,0.7143050946511744,0.6,0.0,0.0,0.06017185214208986,0.49705258160043064,0.5154166666666666,5.638888888888889,0.4,5.566666666666666,0.0,0.0,1.0,0.0,0.01282051282051282,0.038461538461538464,0.33341441167528124,0.8195833333333333,0.1804166666666667
unpaired_counterfactual,0.1,0.5,5,40,timing,60,1.0,0.93982814785791,0.9999999999999998,1.0,0.0,0.0,0.06017185214208986,0.7018429713121325,0.7354166666666667,10.583333333333334,0.0,10.583333333333334,0.0,0.0,1.0,0.0,0.01282051282051282,0.038461538461538464,0.7018429713121325,0.8822916666666667,0.11770833333333332
unpaired_counterfactual,0.1,0.75,1,40,honest,60,1.0,0.93982814785791,0.9999999999999998,1.0,0.7666666666666667,0.6456372962239805,0.8556043826335717,0.916647440562018,0.9245833333333333,3.0166666666666666,0.0,3.0166666666666666,0.0,0.0,1.0,0.0,0.00641025641025641,0.03205128205128205,0.0,0.8938541666666667,0.10614583333333334
unpaired_counterfactual,0.1,0.75,1,40,copy,60,1.0,0.93982814785791,0.9999999999999998,1.0,0.8166666666666667,0.7008024625353194,0.8944220311080237,0.9215900698095564,0.9291666666666667,2.8333333333333335,0.0,2.8333333333333335,0.0,0.0,1.0,0.0,0.00641025641025641,0.03205128205128205,0.0,0.8927083333333333,0.10729166666666669
unpaired_counterfactual,0.1,0.75,1,40,sybil_one_key_control,60,0.9333333333333333,0.8407464268680283,0.9737713012754938,0.9333333333333333,0.8166666666666667,0.7008024625353194,0.8944220311080237,0.8689701992683648,0.8754166666666666,2.482142857142857,0.06666666666666665,2.5166666666666666,0.0,0.06666666666666667,1.0,0.06666666666666667,0.00641025641025641,0.03205128205128205,0.061104183865181246,0.8907291666666667,0.10927083333333336
unpaired_counterfactual,0.1,0.75,1,40,sybil,60,0.65,0.5236261884175486,0.7583222559398244,0.65,0.5666666666666667,0.44103438776125564,0.6842760319531324,0.6021639044568737,0.6066666666666667,2.6666666666666665,0.35,2.3666666666666667,0.0,0.35,1.0,0.35,0.00641025641025641,0.03205128205128205,0.33228042116265066,0.8897916666666666,0.11020833333333334
unpaired_counterfactual,0.1,0.75,1,40,snipe,60,0.55,0.4249193588533434,0.6690634559324476,0.55,0.5166666666666667,0.39307810032592494,0.6382495046026722,0.5224380018034466,0.5254166666666666,1.7878787878787878,0.44999999999999996,1.8166666666666667,0.0,0.0,1.0,0.0,0.00641025641025641,0.03205128205128205,0.42660337032527623,0.8863541666666667,0.11364583333333335
unpaired_counterfactual,0.1,0.75,1,40,timing,60,1.0,0.93982814785791,0.9999999999999998,1.0,0.0,0.0,0.06017185214208986,0.8137770452443032,0.8283333333333334,6.866666666666666,0.0,6.866666666666666,0.0,0.0,1.0,0.0,0.00641025641025641,0.03205128205128205,0.8137770452443032,0.9179166666666667,0.08208333333333333
unpaired_counterfactual,0.1,0.75,3,40,honest,60,1.0,0.93982814785791,0.9999999999999998,1.0,0.7333333333333333,0.6099128690331636,0.8286735999671945,0.8839951455486758,0.895,4.2,0.0,4.2,0.0,0.0,1.0,0.0,0.00641025641025641,0.03205128205128205,0.0,0.90125,0.09874999999999998
unpaired_counterfactual,0.1,0.75,3,40,copy,60,1.0,0.93982814785791,0.9999999999999998,1.0,0.6666666666666666,0.5405686645211968,0.7727073847647731,0.88522769945538,0.89625,4.15,0.0,4.15,0.0,0.0,1.0,0.0,0.00641025641025641,0.03205128205128205,0.0,0.9009375,0.09906249999999998
unpaired_counterfactual,0.1,0.75,3,40,sybil_one_key_control,60,0.9833333333333333,0.9114487027240993,0.9970518402052136,0.9833333333333333,0.6,0.4736605349204075,0.7143050946511744,0.8533011984917578,0.865,4.813559322033898,0.01666666666666672,4.833333333333333,0.0,0.016666666666666666,1.0,0.016666666666666666,0.00641025641025641,0.03205128205128205,0.013926940639269407,0.9052083333333333,0.09479166666666665
unpaired_counterfactual,0.1,0.75,3,40,sybil,60,0.85,0.7388541093022145,0.9190255941983225,0.85,0.5166666666666667,0.39307810032592494,0.6382495046026722,0.741771073541604,0.7516666666666667,4.627450980392157,0.15000000000000002,4.666666666666667,0.0,0.15,1.0,0.15,0.00641025641025641,0.03205128205128205,0.12985434341601895,0.9041666666666667,0.09583333333333331
unpaired_counterfactual,0.1,0.75,3,40,snipe,60,0.6666666666666666,0.5405686645211968,0.7727073847647731,0.6666666666666666,0.5666666666666667,0.44103438776125564,0.6842760319531324,0.5990434826287447,0.6058333333333333,3.65,0.33333333333333337,3.6166666666666667,0.0,0.0,1.0,0.0,0.00641025641025641,0.03205128205128205,0.3004188021429401,0.8976041666666668,0.1023958333333333
unpaired_counterfactual,0.1,0.75,3,40,timing,60,1.0,0.93982814785791,0.9999999999999998,1.0,0.0,0.0,0.06017185214208986,0.7672820780116418,0.7833333333333333,8.666666666666666,0.0,8.666666666666666,0.0,0.0,1.0,0.0,0.00641025641025641,0.03205128205128205,0.7672820780116418,0.9291666666666667,0.07083333333333333
unpaired_counterfactual,0.1,0.75,5,40,honest,60,1.0,0.93982814785791,0.9999999999999998,1.0,0.0,0.0,0.06017185214208986,0.8257726695965345,0.84,6.4,0.0,6.4,0.0,0.0,1.0,0.0,0.00641025641025641,0.03205128205128205,0.0,0.9149999999999999,0.085
unpaired_counterfactual,0.1,0.75,5,40,copy,60,1.0,0.93982814785791,0.9999999999999998,1.0,0.0,0.0,0.06017185214208986,0.8213896773685048,0.8358333333333333,6.566666666666666,0.0,6.566666666666666,0.0,0.0,1.0,0.0,0.00641025641025641,0.03205128205128205,0.0,0.9160416666666666,0.08395833333333334
unpaired_counterfactual,0.1,0.75,5,40,sybil_one_key_control,60,1.0,0.93982814785791,0.9999999999999998,1.0,0.0,0.0,0.06017185214208986,0.8324903676572135,0.8466666666666666,6.133333333333334,0.0,6.133333333333334,0.0,0.0,1.0,0.0,0.00641025641025641,0.03205128205128205,0.0,0.9133333333333333,0.08666666666666667
unpaired_counterfactual,0.1,0.75,5,40,sybil,60,0.8333333333333334,0.7196838683638547,0.9068682302080855,0.8333333333333334,0.0,0.0,0.06017185214208986,0.6893231737158122,0.70125,6.34,0.16666666666666663,6.316666666666666,0.0,0.16666666666666666,1.0,0.16666666666666666,0.00641025641025641,0.03205128205128205,0.13844703386983365,0.9144791666666666,0.08552083333333334
unpaired_counterfactual,0.1,0.75,5,40,snipe,60,0.6333333333333333,0.5068300063010303,0.7437908331277456,0.6333333333333333,0.0,0.0,0.06017185214208986,0.538077243178802,0.5466666666666666,5.473684210526316,0.3666666666666667,5.533333333333333,0.0,0.0,1.0,0.0,0.00641025641025641,0.03205128205128205,0.30994956762552417,0.9095833333333334,0.09041666666666667
unpaired_counterfactual,0.1,0.75,5,40,timing,60,1.0,0.93982814785791,0.9999999999999998,1.0,0.0,0.0,0.06017185214208986,0.7287510694888039,0.745,10.2,0.0,10.2,0.0,0.0,1.0,0.0,0.00641025641025641,0.03205128205128205,0.7287510694888039,0.9387500000000001,0.06125
unpaired_counterfactual,0.1,1.0,1,40,honest,60,1.0,0.93982814785791,0.9999999999999998,1.0,0.8666666666666667,0.7583484032350039,0.9308589051941303,0.93125,0.93125,2.75,0.0,2.75,0.0,0.0,1.0,0.0,0.0,0.02564102564102564,0.0,1.0,0.0
unpaired_counterfactual,0.1,1.0,1,40,copy,60,1.0,0.93982814785791,0.9999999999999998,1.0,0.9166666666666666,0.8193105798166558,0.9638795433982692,0.935,0.935,2.6,0.0,2.6,0.0,0.0,1.0,0.0,0.0,0.02564102564102564,0.0,1.0,0.0
unpaired_counterfactual,0.1,1.0,1,40,sybil_one_key_control,60,0.9,0.7985053527602123,0.9533571655261158,0.9,0.8,0.6821819419437211,0.8817149467710251,0.8466666666666666,0.8466666666666666,2.3703703703703702,0.09999999999999998,2.3,0.0,0.1,1.0,0.1,0.0,0.02564102564102564,0.09583333333333334,1.0,0.0
unpaired_counterfactual,0.1,1.0,1,40,sybil,60,0.8,0.6821819419437211,0.8817149467710251,0.8,0.65,0.5236261884175486,0.7583222559398244,0.7429166666666667,0.7429166666666667,2.8541666666666665,0.19999999999999996,2.783333333333333,0.0,0.2,1.0,0.2,0.0,0.02564102564102564,0.1875,1.0,0.0
unpaired_counterfactual,0.1,1.0,1,40,snipe,60,0.6333333333333333,0.5068300063010303,0.7437908331277456,0.6333333333333333,0.6333333333333333,0.5068300063010303,0.7437908331277456,0.6070833333333333,0.6070833333333333,1.6578947368421053,0.3666666666666667,1.9666666666666666,0.0,0.0,1.0,0.0,0.0,0.02564102564102564,0.34375,1.0,0.0
unpaired_counterfactual,0.1,1.0,1,40,timing,60,1.0,0.93982814785791,0.9999999999999998,1.0,0.0,0.0,0.06017185214208986,0.8183333333333334,0.8183333333333334,7.266666666666667,0.0,7.266666666666667,0.0,0.0,1.0,0.0,0.0,0.02564102564102564,0.8183333333333334,1.0,0.0
unpaired_counterfactual,0.1,1.0,3,40,honest,60,1.0,0.93982814785791,0.9999999999999998,1.0,0.65,0.5236261884175486,0.7583222559398244,0.89125,0.89125,4.35,0.0,4.35,0.0,0.0,1.0,0.0,0.0,0.02564102564102564,0.0,1.0,0.0
unpaired_counterfactual,0.1,1.0,3,40,copy,60,1.0,0.93982814785791,0.9999999999999998,1.0,0.55,0.4249193588533434,0.6690634559324476,0.8820833333333334,0.8820833333333334,4.716666666666667,0.0,4.716666666666667,0.0,0.0,1.0,0.0,0.0,0.02564102564102564,0.0,1.0,0.0
unpaired_counterfactual,0.1,1.0,3,40,sybil_one_key_control,60,0.95,0.8629948352365147,0.9828504978356043,0.95,0.6333333333333333,0.5068300063010303,0.7437908331277456,0.8441666666666666,0.8441666666666666,4.456140350877193,0.050000000000000044,4.433333333333334,0.0,0.05,1.0,0.05,0.0,0.02564102564102564,0.045000000000000005,1.0,0.0
unpaired_counterfactual,0.1,1.0,3,40,sybil,60,0.9333333333333333,0.8407464268680283,0.9737713012754938,0.9333333333333333,0.6,0.4736605349204075,0.7143050946511744,0.8291666666666667,0.8291666666666667,4.464285714285714,0.06666666666666665,4.383333333333334,0.0,0.06666666666666667,1.0,0.06666666666666667,0.0,0.02564102564102564,0.061250000000000006,1.0,0.0
unpaired_counterfactual,0.1,1.0,3,40,snipe,60,0.48333333333333334,0.36175049539732784,0.6069218996740751,0.48333333333333334,0.4,0.2856949053488255,0.5263394650795924,0.43875,0.43875,3.689655172413793,0.5166666666666666,3.65,0.0,0.0,1.0,0.0,0.0,0.02564102564102564,0.47,1.0,0.0
unpaired_counterfactual,0.1,1.0,3,40,timing,60,1.0,0.93982814785791,0.9999999999999998,1.0,0.0,0.0,0.06017185214208986,0.7854166666666667,0.7854166666666667,8.583333333333334,0.0,8.583333333333334,0.0,0.0,1.0,0.0,0.0,0.02564102564102564,0.7854166666666667,1.0,0.0
unpaired_counterfactual,0.1,1.0,5,40,honest,60,1.0,0.93982814785791,0.9999999999999998,1.0,0.0,0.0,0.06017185214208986,0.8416666666666667,0.8416666666666667,6.333333333333333,0.0,6.333333333333333,0.0,0.0,1.0,0.0,0.0,0.02564102564102564,0.0,1.0,0.0
unpaired_counterfactual,0.1,1.0,5,40,copy,60,1.0,0.93982814785791,0.9999999999999998,1.0,0.0,0.0,0.06017185214208986,0.8491666666666667,0.8491666666666667,6.033333333333333,0.0,6.033333333333333,0.0,0.0,1.0,0.0,0.0,0.02564102564102564,0.0,1.0,0.0
unpaired_counterfactual,0.1,1.0,5,40,sybil_one_key_control,60,0.9166666666666666,0.8193105798166558,0.9638795433982692,0.9166666666666666,0.0,0.0,0.06017185214208986,0.7708333333333334,0.7708333333333334,6.363636363636363,0.08333333333333337,6.266666666666667,0.0,0.08333333333333333,1.0,0.08333333333333333,0.0,0.02564102564102564,0.0725,1.0,0.0
unpaired_counterfactual,0.1,1.0,5,40,sybil,60,0.9333333333333333,0.8407464268680283,0.9737713012754938,0.9333333333333333,0.0,0.0,0.06017185214208986,0.7779166666666666,0.7779166666666666,6.660714285714286,0.06666666666666665,6.7,0.0,0.06666666666666667,1.0,0.06666666666666667,0.0,0.02564102564102564,0.05458333333333333,1.0,0.0
unpaired_counterfactual,0.1,1.0,5,40,snipe,60,0.5333333333333333,0.4089342702715789,0.6537209395856151,0.5333333333333333,0.0,0.0,0.06017185214208986,0.45875,0.45875,5.59375,0.4666666666666667,5.65,0.0,0.0,1.0,0.0,0.0,0.02564102564102564,0.4,1.0,0.0
unpaired_counterfactual,0.1,1.0,5,40,timing,60,1.0,0.93982814785791,0.9999999999999998,1.0,0.0,0.0,0.06017185214208986,0.7516666666666667,0.7516666666666667,9.933333333333334,0.0,9.933333333333334,0.0,0.0,1.0,0.0,0.0,0.02564102564102564,0.7516666666666667,1.0,0.0
