scenario,policy,margin_rel,decay_factor_per_period,comparison_windows,replicates,p_best_paid_final,p_best_paid_low95_mc,p_best_paid_high95_mc,attacker_target_fraction,best_target_fraction,wrong_dethrone_rate,wrong_dethrones_per_run,time_to_best_mean_if_seen,time_to_best_censored_fraction,time_to_first_dethrone_mean_if_seen,time_to_first_dethrone_censored_fraction,false_merges_per_run,paid_fraction_of_challenge_budget,target_variation_per_window,sybil_gain_vs_one_key,sybil_gain_low95_mc,sybil_gain_high95_mc
honest_only,hotkey,0.0,0.5,3,80,1.0,0.9541818704644728,0.9999999999999999,0.0,0.9047619047619048,0.0,0.0,3.0,0.0,3.0,0.0,0.0,0.7875,0.01282051282051282,,,
exact_one,hotkey,0.0,0.5,3,80,1.0,0.9541818704644728,0.9999999999999999,0.00909090909090909,0.8961038961038961,0.0,0.0,3.3,0.0,3.0,0.0,0.0,0.79125,0.01282051282051282,,,
exact_four,hotkey,0.0,0.5,3,80,1.0,0.9541818704644728,0.9999999999999999,0.02912143826322931,0.8770272016540673,0.0,0.0,3.9625,0.0,3.0,0.0,0.0,0.79953125,0.01282051282051282,0.020030529172320215,0.011363636363636364,0.02940976933514247
near_one,hotkey,0.0,0.5,3,80,1.0,0.9541818704644728,0.9999999999999999,0.008310719131614654,0.8968469341603671,0.0,0.0,3.275,0.0,3.0,0.0,0.0,0.7909375,0.01282051282051282,,,
near_four,hotkey,0.0,0.5,3,80,1.0,0.9541818704644728,0.9999999999999999,0.038501070657531965,0.8680942184213981,0.0,0.0,4.2875,0.0,3.0,0.0,0.0,0.8035937499999999,0.01282051282051282,0.030190351525917314,0.02002005347593583,0.041585138522717925
copy_best_honest_first,hotkey,0.0,0.5,3,80,1.0,0.9541818704644728,0.9999999999999999,0.46415999914578876,0.9105899734457582,0.3220338983050847,0.475,3.0,0.0,3.0,0.0,0.0,0.8453125,0.014102564102564103,,,
copy_best_attacker_first,hotkey,0.0,0.5,3,80,1.0,0.9541818704644728,0.9999999999999999,0.46415999914578876,0.9105899734457582,0.3220338983050847,0.475,3.0,0.0,3.0,0.0,0.0,0.8453125,0.014102564102564103,,,
honest_only,digest_split,0.0,0.5,3,80,1.0,0.9541818704644728,0.9999999999999999,0.0,0.9047619047619048,0.0,0.0,3.0,0.0,3.0,0.0,0.0,0.7875,0.01282051282051282,,,
exact_one,digest_split,0.0,0.5,3,80,1.0,0.9541818704644728,0.9999999999999999,0.00909090909090909,0.8961038961038961,0.0,0.0,3.3,0.0,3.0,0.0,0.0,0.79125,0.01282051282051282,,,
exact_four,digest_split,0.0,0.5,3,80,1.0,0.9541818704644728,0.9999999999999999,0.00909090909090909,0.8961038961038961,0.0,0.0,3.3,0.0,3.0,0.0,0.0,0.79125,0.01282051282051282,0.0,0.0,0.0
near_one,digest_split,0.0,0.5,3,80,1.0,0.9541818704644728,0.9999999999999999,0.008310719131614654,0.8968469341603671,0.0,0.0,3.275,0.0,3.0,0.0,0.0,0.7909375,0.01282051282051282,,,
near_four,digest_split,0.0,0.5,3,80,1.0,0.9541818704644728,0.9999999999999999,0.038501070657531965,0.8680942184213981,0.0,0.0,4.2875,0.0,3.0,0.0,0.0,0.8035937499999999,0.01282051282051282,0.030190351525917314,0.019596037193710593,0.041396682599003504
copy_best_honest_first,digest_split,0.0,0.5,3,80,1.0,0.9541818704644728,0.9999999999999999,0.4523809523809524,0.9047619047619048,0.0,0.0,3.0,0.0,3.0,0.0,0.0,0.7875,0.01282051282051282,,,
copy_best_attacker_first,digest_split,0.0,0.5,3,80,1.0,0.9541818704644728,0.9999999999999999,0.4523809523809524,0.9047619047619048,0.0,0.0,3.0,0.0,3.0,0.0,0.0,0.7875,0.01282051282051282,,,
honest_only,digest_first,0.0,0.5,3,80,1.0,0.9541818704644728,0.9999999999999999,0.0,0.9047619047619048,0.0,0.0,3.0,0.0,3.0,0.0,0.0,0.7875,0.01282051282051282,,,
exact_one,digest_first,0.0,0.5,3,80,1.0,0.9541818704644728,0.9999999999999999,0.00909090909090909,0.8961038961038961,0.0,0.0,3.3,0.0,3.0,0.0,0.0,0.79125,0.01282051282051282,,,
exact_four,digest_first,0.0,0.5,3,80,1.0,0.9541818704644728,0.9999999999999999,0.00909090909090909,0.8961038961038961,0.0,0.0,3.3,0.0,3.0,0.0,0.0,0.79125,0.01282051282051282,0.0,0.0,0.0
near_one,digest_first,0.0,0.5,3,80,1.0,0.9541818704644728,0.9999999999999999,0.008310719131614654,0.8968469341603671,0.0,0.0,3.275,0.0,3.0,0.0,0.0,0.7909375,0.01282051282051282,,,
near_four,digest_first,0.0,0.5,3,80,1.0,0.9541818704644728,0.9999999999999999,0.038501070657531965,0.8680942184213981,0.0,0.0,4.2875,0.0,3.0,0.0,0.0,0.8035937499999999,0.01282051282051282,0.030190351525917314,0.019172020911485354,0.04174198834820791
copy_best_honest_first,digest_first,0.0,0.5,3,80,1.0,0.9541818704644728,0.9999999999999999,0.0,0.9047619047619048,0.0,0.0,3.0,0.0,3.0,0.0,0.0,0.7875,0.01282051282051282,,,
copy_best_attacker_first,digest_first,0.0,0.5,3,80,1.0,0.9541818704644728,0.9999999999999999,0.9047619047619048,0.9047619047619048,0.0,0.0,3.0,0.0,3.0,0.0,0.0,0.7875,0.01282051282051282,,,
honest_only,near_first_tight,0.0,0.5,3,80,1.0,0.9541818704644728,0.9999999999999999,0.0,0.9047619047619048,0.0,0.0,3.0,0.0,3.0,0.0,0.0,0.7875,0.01282051282051282,,,
exact_one,near_first_tight,0.0,0.5,3,80,1.0,0.9541818704644728,0.9999999999999999,0.00909090909090909,0.8961038961038961,0.0,0.0,3.3,0.0,3.0,0.0,0.0,0.79125,0.01282051282051282,,,
exact_four,near_first_tight,0.0,0.5,3,80,1.0,0.9541818704644728,0.9999999999999999,0.00909090909090909,0.8961038961038961,0.0,0.0,3.3,0.0,3.0,0.0,0.0,0.79125,0.01282051282051282,0.0,0.0,0.0
near_one,near_first_tight,0.0,0.5,3,80,1.0,0.9541818704644728,0.9999999999999999,0.008310719131614654,0.8968469341603671,0.0,0.0,3.275,0.0,3.0,0.0,0.0,0.7909375,0.01282051282051282,,,
near_four,near_first_tight,0.0,0.5,3,80,1.0,0.9541818704644728,0.9999999999999999,0.022204442215798478,0.8836148169373349,0.0,0.0,3.7375,0.0,3.0,0.0,0.0,0.7967187499999999,0.01282051282051282,0.013893723084183823,0.006037991858887382,0.022105627986549466
copy_best_honest_first,near_first_tight,0.0,0.5,3,80,1.0,0.9541818704644728,0.9999999999999999,0.0,0.9047619047619048,0.0,0.0,3.0,0.0,3.0,0.0,0.0,0.7875,0.01282051282051282,,,
copy_best_attacker_first,near_first_tight,0.0,0.5,3,80,1.0,0.9541818704644728,0.9999999999999999,0.9047619047619048,0.9047619047619048,0.0,0.0,3.0,0.0,3.0,0.0,0.0,0.7875,0.01282051282051282,,,
honest_only,near_first_wide,0.0,0.5,3,80,1.0,0.9541818704644728,0.9999999999999999,0.0,0.9047619047619048,0.0,0.0,3.0,0.0,3.0,0.0,0.0,0.7875,0.01282051282051282,,,
exact_one,near_first_wide,0.0,0.5,3,80,1.0,0.9541818704644728,0.9999999999999999,0.0,0.9047619047619048,0.0,0.0,3.0,0.0,3.0,0.0,37.0,0.7875,0.01282051282051282,,,
exact_four,near_first_wide,0.0,0.5,3,80,1.0,0.9541818704644728,0.9999999999999999,0.0,0.9047619047619048,0.0,0.0,3.0,0.0,3.0,0.0,148.0,0.7875,0.01282051282051282,0.0,0.0,0.0
near_one,near_first_wide,0.0,0.5,3,80,0.0,0.0,0.0458181295355271,0.9047619047619048,0.0,0.0,0.0,,1.0,3.0,0.0,37.0,0.7875,0.01282051282051282,,,
near_four,near_first_wide,0.0,0.5,3,80,0.0,0.0,0.0458181295355271,0.9047619047619048,0.0,0.0,0.0,,1.0,3.0,0.0,37.0,0.7875,0.01282051282051282,0.0,0.0,0.0
copy_best_honest_first,near_first_wide,0.0,0.5,3,80,1.0,0.9541818704644728,0.9999999999999999,0.0,0.9047619047619048,0.0,0.0,3.0,0.0,3.0,0.0,0.0,0.7875,0.01282051282051282,,,
copy_best_attacker_first,near_first_wide,0.0,0.5,3,80,1.0,0.9541818704644728,0.9999999999999999,0.9047619047619048,0.9047619047619048,0.0,0.0,3.0,0.0,3.0,0.0,0.0,0.7875,0.01282051282051282,,,
honest_only,hotkey,0.0,0.75,3,80,1.0,0.9541818704644728,0.9999999999999999,0.0,0.916083916083916,0.0,0.0,3.0,0.0,3.0,0.0,0.0,0.89375,0.00641025641025641,,,
exact_one,hotkey,0.0,0.75,3,80,1.0,0.9541818704644728,0.9999999999999999,0.00821917808219178,0.9080371683111409,0.0,0.0,3.3,0.0,3.0,0.0,0.0,0.8956250000000001,0.00641025641025641,,,
exact_four,hotkey,0.0,0.75,3,80,1.0,0.9541818704644728,0.9999999999999999,0.026351225421675516,0.8902855135731848,0.0,0.0,3.9625,0.0,3.0,0.0,0.0,0.899765625,0.00641025641025641,0.018132047339483738,0.010607119560152829,0.026018078464262417
near_one,hotkey,0.0,0.75,3,80,1.0,0.9541818704644728,0.9999999999999999,0.00752492777933091,0.9087168539223333,0.0,0.0,3.275,0.0,3.0,0.0,0.0,0.89546875,0.00641025641025641,,,
near_four,hotkey,0.0,0.75,3,80,1.0,0.9541818704644728,0.9999999999999999,0.035058327156188604,0.8817610783086265,0.0,0.0,4.2875,0.0,3.0,0.0,0.0,0.9017968749999999,0.00641025641025641,0.02753339937685769,0.018099588965538087,0.03787936314844338
copy_best_honest_first,hotkey,0.0,0.75,3,80,1.0,0.9541818704644728,0.9999999999999999,0.4685927152120848,0.9185767987731046,0.3220338983050847,0.475,3.0,0.0,3.0,0.0,0.0,0.92265625,0.007051282051282051,,,
copy_best_attacker_first,hotkey,0.0,0.75,3,80,1.0,0.9541818704644728,0.9999999999999999,0.4685927152120848,0.9185767987731046,0.3220338983050847,0.475,3.0,0.0,3.0,0.0,0.0,0.92265625,0.007051282051282051,,,
honest_only,digest_split,0.0,0.75,3,80,1.0,0.9541818704644728,0.9999999999999999,0.0,0.916083916083916,0.0,0.0,3.0,0.0,3.0,0.0,0.0,0.89375,0.00641025641025641,,,
exact_one,digest_split,0.0,0.75,3,80,1.0,0.9541818704644728,0.9999999999999999,0.00821917808219178,0.9080371683111409,0.0,0.0,3.3,0.0,3.0,0.0,0.0,0.8956250000000001,0.00641025641025641,,,
exact_four,digest_split,0.0,0.75,3,80,1.0,0.9541818704644728,0.9999999999999999,0.00821917808219178,0.9080371683111409,0.0,0.0,3.3,0.0,3.0,0.0,0.0,0.8956250000000001,0.00641025641025641,0.0,0.0,0.0
near_one,digest_split,0.0,0.75,3,80,1.0,0.9541818704644728,0.9999999999999999,0.00752492777933091,0.9087168539223333,0.0,0.0,3.275,0.0,3.0,0.0,0.0,0.89546875,0.00641025641025641,,,
near_four,digest_split,0.0,0.75,3,80,1.0,0.9541818704644728,0.9999999999999999,0.035058327156188604,0.8817610783086265,0.0,0.0,4.2875,0.0,3.0,0.0,0.0,0.9017968749999999,0.00641025641025641,0.02753339937685769,0.0182912353762913,0.03828813056695244
copy_best_honest_first,digest_split,0.0,0.75,3,80,1.0,0.9541818704644728,0.9999999999999999,0.458041958041958,0.916083916083916,0.0,0.0,3.0,0.0,3.0,0.0,0.0,0.89375,0.00641025641025641,,,
copy_best_attacker_first,digest_split,0.0,0.75,3,80,1.0,0.9541818704644728,0.9999999999999999,0.458041958041958,0.916083916083916,0.0,0.0,3.0,0.0,3.0,0.0,0.0,0.89375,0.00641025641025641,,,
honest_only,digest_first,0.0,0.75,3,80,1.0,0.9541818704644728,0.9999999999999999,0.0,0.916083916083916,0.0,0.0,3.0,0.0,3.0,0.0,0.0,0.89375,0.00641025641025641,,,
exact_one,digest_first,0.0,0.75,3,80,1.0,0.9541818704644728,0.9999999999999999,0.00821917808219178,0.9080371683111409,0.0,0.0,3.3,0.0,3.0,0.0,0.0,0.8956250000000001,0.00641025641025641,,,
exact_four,digest_first,0.0,0.75,3,80,1.0,0.9541818704644728,0.9999999999999999,0.00821917808219178,0.9080371683111409,0.0,0.0,3.3,0.0,3.0,0.0,0.0,0.8956250000000001,0.00641025641025641,0.0,0.0,0.0
near_one,digest_first,0.0,0.75,3,80,1.0,0.9541818704644728,0.9999999999999999,0.00752492777933091,0.9087168539223333,0.0,0.0,3.275,0.0,3.0,0.0,0.0,0.89546875,0.00641025641025641,,,
near_four,digest_first,0.0,0.75,3,80,1.0,0.9541818704644728,0.9999999999999999,0.035058327156188604,0.8817610783086265,0.0,0.0,4.2875,0.0,3.0,0.0,0.0,0.9017968749999999,0.00641025641025641,0.02753339937685769,0.017337758835730608,0.03762008838928217
copy_best_honest_first,digest_first,0.0,0.75,3,80,1.0,0.9541818704644728,0.9999999999999999,0.0,0.916083916083916,0.0,0.0,3.0,0.0,3.0,0.0,0.0,0.89375,0.00641025641025641,,,
copy_best_attacker_first,digest_first,0.0,0.75,3,80,1.0,0.9541818704644728,0.9999999999999999,0.916083916083916,0.916083916083916,0.0,0.0,3.0,0.0,3.0,0.0,0.0,0.89375,0.00641025641025641,,,
honest_only,near_first_tight,0.0,0.75,3,80,1.0,0.9541818704644728,0.9999999999999999,0.0,0.916083916083916,0.0,0.0,3.0,0.0,3.0,0.0,0.0,0.89375,0.00641025641025641,,,
exact_one,near_first_tight,0.0,0.75,3,80,1.0,0.9541818704644728,0.9999999999999999,0.00821917808219178,0.9080371683111409,0.0,0.0,3.3,0.0,3.0,0.0,0.0,0.8956250000000001,0.00641025641025641,,,
exact_four,near_first_tight,0.0,0.75,3,80,1.0,0.9541818704644728,0.9999999999999999,0.00821917808219178,0.9080371683111409,0.0,0.0,3.3,0.0,3.0,0.0,0.0,0.8956250000000001,0.00641025641025641,0.0,0.0,0.0
near_one,near_first_tight,0.0,0.75,3,80,1.0,0.9541818704644728,0.9999999999999999,0.00752492777933091,0.9087168539223333,0.0,0.0,3.275,0.0,3.0,0.0,0.0,0.89546875,0.00641025641025641,,,
near_four,near_first_tight,0.0,0.75,3,80,1.0,0.9541818704644728,0.9999999999999999,0.020145470158275683,0.8963610781667232,0.0,0.0,3.7375,0.0,3.0,0.0,0.0,0.8983593750000001,0.00641025641025641,0.012620542378944773,0.0061643835616438354,0.020062726754763685
copy_best_honest_first,near_first_tight,0.0,0.75,3,80,1.0,0.9541818704644728,0.9999999999999999,0.0,0.916083916083916,0.0,0.0,3.0,0.0,3.0,0.0,0.0,0.89375,0.00641025641025641,,,
copy_best_attacker_first,near_first_tight,0.0,0.75,3,80,1.0,0.9541818704644728,0.9999999999999999,0.916083916083916,0.916083916083916,0.0,0.0,3.0,0.0,3.0,0.0,0.0,0.89375,0.00641025641025641,,,
honest_only,near_first_wide,0.0,0.75,3,80,1.0,0.9541818704644728,0.9999999999999999,0.0,0.916083916083916,0.0,0.0,3.0,0.0,3.0,0.0,0.0,0.89375,0.00641025641025641,,,
exact_one,near_first_wide,0.0,0.75,3,80,1.0,0.9541818704644728,0.9999999999999999,0.0,0.916083916083916,0.0,0.0,3.0,0.0,3.0,0.0,37.0,0.89375,0.00641025641025641,,,
exact_four,near_first_wide,0.0,0.75,3,80,1.0,0.9541818704644728,0.9999999999999999,0.0,0.916083916083916,0.0,0.0,3.0,0.0,3.0,0.0,148.0,0.89375,0.00641025641025641,0.0,0.0,0.0
near_one,near_first_wide,0.0,0.75,3,80,0.0,0.0,0.0458181295355271,0.916083916083916,0.0,0.0,0.0,,1.0,3.0,0.0,37.0,0.89375,0.00641025641025641,,,
near_four,near_first_wide,0.0,0.75,3,80,0.0,0.0,0.0458181295355271,0.916083916083916,0.0,0.0,0.0,,1.0,3.0,0.0,37.0,0.89375,0.00641025641025641,0.0,0.0,0.0
copy_best_honest_first,near_first_wide,0.0,0.75,3,80,1.0,0.9541818704644728,0.9999999999999999,0.0,0.916083916083916,0.0,0.0,3.0,0.0,3.0,0.0,0.0,0.89375,0.00641025641025641,,,
copy_best_attacker_first,near_first_wide,0.0,0.75,3,80,1.0,0.9541818704644728,0.9999999999999999,0.916083916083916,0.916083916083916,0.0,0.0,3.0,0.0,3.0,0.0,0.0,0.89375,0.00641025641025641,,,
honest_only,hotkey,0.0,1.0,3,80,1.0,0.9541818704644728,0.9999999999999999,0.0,0.925,0.0,0.0,3.0,0.0,3.0,0.0,0.0,1.0,0.0,,,
exact_one,hotkey,0.0,1.0,3,80,1.0,0.9541818704644728,0.9999999999999999,0.0075,0.9175000000000001,0.0,0.0,3.3,0.0,3.0,0.0,0.0,1.0,0.0,,,
exact_four,hotkey,0.0,1.0,3,80,1.0,0.9541818704644728,0.9999999999999999,0.0240625,0.9009375000000001,0.0,0.0,3.9625,0.0,3.0,0.0,0.0,1.0,0.0,0.0165625,0.01,0.024375
near_one,hotkey,0.0,1.0,3,80,1.0,0.9541818704644728,0.9999999999999999,0.006875000000000001,0.9181250000000001,0.0,0.0,3.275,0.0,3.0,0.0,0.0,1.0,0.0,,,
near_four,hotkey,0.0,1.0,3,80,1.0,0.9541818704644728,0.9999999999999999,0.0321875,0.8928125,0.0,0.0,4.2875,0.0,3.0,0.0,0.0,1.0,0.0,0.025312499999999998,0.0165625,0.034687499999999996
copy_best_honest_first,hotkey,0.0,1.0,3,80,1.0,0.9541818704644728,0.9999999999999999,0.4721875,0.925,0.3220338983050847,0.475,3.0,0.0,3.0,0.0,0.0,1.0,0.0,,,
copy_best_attacker_first,hotkey,0.0,1.0,3,80,1.0,0.9541818704644728,0.9999999999999999,0.4721875,0.925,0.3220338983050847,0.475,3.0,0.0,3.0,0.0,0.0,1.0,0.0,,,
honest_only,digest_split,0.0,1.0,3,80,1.0,0.9541818704644728,0.9999999999999999,0.0,0.925,0.0,0.0,3.0,0.0,3.0,0.0,0.0,1.0,0.0,,,
exact_one,digest_split,0.0,1.0,3,80,1.0,0.9541818704644728,0.9999999999999999,0.0075,0.9175000000000001,0.0,0.0,3.3,0.0,3.0,0.0,0.0,1.0,0.0,,,
exact_four,digest_split,0.0,1.0,3,80,1.0,0.9541818704644728,0.9999999999999999,0.0075,0.9175000000000001,0.0,0.0,3.3,0.0,3.0,0.0,0.0,1.0,0.0,0.0,0.0,0.0
near_one,digest_split,0.0,1.0,3,80,1.0,0.9541818704644728,0.9999999999999999,0.006875000000000001,0.9181250000000001,0.0,0.0,3.275,0.0,3.0,0.0,0.0,1.0,0.0,,,
near_four,digest_split,0.0,1.0,3,80,1.0,0.9541818704644728,0.9999999999999999,0.0321875,0.8928125,0.0,0.0,4.2875,0.0,3.0,0.0,0.0,1.0,0.0,0.025312499999999998,0.016875,0.034999999999999996
copy_best_honest_first,digest_split,0.0,1.0,3,80,1.0,0.9541818704644728,0.9999999999999999,0.4625,0.925,0.0,0.0,3.0,0.0,3.0,0.0,0.0,1.0,0.0,,,
copy_best_attacker_first,digest_split,0.0,1.0,3,80,1.0,0.9541818704644728,0.9999999999999999,0.4625,0.925,0.0,0.0,3.0,0.0,3.0,0.0,0.0,1.0,0.0,,,
honest_only,digest_first,0.0,1.0,3,80,1.0,0.9541818704644728,0.9999999999999999,0.0,0.925,0.0,0.0,3.0,0.0,3.0,0.0,0.0,1.0,0.0,,,
exact_one,digest_first,0.0,1.0,3,80,1.0,0.9541818704644728,0.9999999999999999,0.0075,0.9175000000000001,0.0,0.0,3.3,0.0,3.0,0.0,0.0,1.0,0.0,,,
exact_four,digest_first,0.0,1.0,3,80,1.0,0.9541818704644728,0.9999999999999999,0.0075,0.9175000000000001,0.0,0.0,3.3,0.0,3.0,0.0,0.0,1.0,0.0,0.0,0.0,0.0
near_one,digest_first,0.0,1.0,3,80,1.0,0.9541818704644728,0.9999999999999999,0.006875000000000001,0.9181250000000001,0.0,0.0,3.275,0.0,3.0,0.0,0.0,1.0,0.0,,,
near_four,digest_first,0.0,1.0,3,80,1.0,0.9541818704644728,0.9999999999999999,0.0321875,0.8928125,0.0,0.0,4.2875,0.0,3.0,0.0,0.0,1.0,0.0,0.025312499999999998,0.0165625,0.034687499999999996
copy_best_honest_first,digest_first,0.0,1.0,3,80,1.0,0.9541818704644728,0.9999999999999999,0.0,0.925,0.0,0.0,3.0,0.0,3.0,0.0,0.0,1.0,0.0,,,
copy_best_attacker_first,digest_first,0.0,1.0,3,80,1.0,0.9541818704644728,0.9999999999999999,0.925,0.925,0.0,0.0,3.0,0.0,3.0,0.0,0.0,1.0,0.0,,,
honest_only,near_first_tight,0.0,1.0,3,80,1.0,0.9541818704644728,0.9999999999999999,0.0,0.925,0.0,0.0,3.0,0.0,3.0,0.0,0.0,1.0,0.0,,,
exact_one,near_first_tight,0.0,1.0,3,80,1.0,0.9541818704644728,0.9999999999999999,0.0075,0.9175000000000001,0.0,0.0,3.3,0.0,3.0,0.0,0.0,1.0,0.0,,,
exact_four,near_first_tight,0.0,1.0,3,80,1.0,0.9541818704644728,0.9999999999999999,0.0075,0.9175000000000001,0.0,0.0,3.3,0.0,3.0,0.0,0.0,1.0,0.0,0.0,0.0,0.0
near_one,near_first_tight,0.0,1.0,3,80,1.0,0.9541818704644728,0.9999999999999999,0.006875000000000001,0.9181250000000001,0.0,0.0,3.275,0.0,3.0,0.0,0.0,1.0,0.0,,,
near_four,near_first_tight,0.0,1.0,3,80,1.0,0.9541818704644728,0.9999999999999999,0.0184375,0.9065625,0.0,0.0,3.7375,0.0,3.0,0.0,0.0,1.0,0.0,0.0115625,0.005,0.0184375
copy_best_honest_first,near_first_tight,0.0,1.0,3,80,1.0,0.9541818704644728,0.9999999999999999,0.0,0.925,0.0,0.0,3.0,0.0,3.0,0.0,0.0,1.0,0.0,,,
copy_best_attacker_first,near_first_tight,0.0,1.0,3,80,1.0,0.9541818704644728,0.9999999999999999,0.925,0.925,0.0,0.0,3.0,0.0,3.0,0.0,0.0,1.0,0.0,,,
honest_only,near_first_wide,0.0,1.0,3,80,1.0,0.9541818704644728,0.9999999999999999,0.0,0.925,0.0,0.0,3.0,0.0,3.0,0.0,0.0,1.0,0.0,,,
exact_one,near_first_wide,0.0,1.0,3,80,1.0,0.9541818704644728,0.9999999999999999,0.0,0.925,0.0,0.0,3.0,0.0,3.0,0.0,37.0,1.0,0.0,,,
exact_four,near_first_wide,0.0,1.0,3,80,1.0,0.9541818704644728,0.9999999999999999,0.0,0.925,0.0,0.0,3.0,0.0,3.0,0.0,148.0,1.0,0.0,0.0,0.0,0.0
near_one,near_first_wide,0.0,1.0,3,80,0.0,0.0,0.0458181295355271,0.925,0.0,0.0,0.0,,1.0,3.0,0.0,37.0,1.0,0.0,,,
near_four,near_first_wide,0.0,1.0,3,80,0.0,0.0,0.0458181295355271,0.925,0.0,0.0,0.0,,1.0,3.0,0.0,37.0,1.0,0.0,0.0,0.0,0.0
copy_best_honest_first,near_first_wide,0.0,1.0,3,80,1.0,0.9541818704644728,0.9999999999999999,0.0,0.925,0.0,0.0,3.0,0.0,3.0,0.0,0.0,1.0,0.0,,,
copy_best_attacker_first,near_first_wide,0.0,1.0,3,80,1.0,0.9541818704644728,0.9999999999999999,0.925,0.925,0.0,0.0,3.0,0.0,3.0,0.0,0.0,1.0,0.0,,,
honest_only,hotkey,0.056993107446249414,0.5,3,80,1.0,0.9541818704644728,0.9999999999999999,0.0,0.9047619047619048,0.0,0.0,3.0,0.0,3.0,0.0,0.0,0.7875,0.01282051282051282,,,
exact_one,hotkey,0.056993107446249414,0.5,3,80,0.9,0.8148931119389591,0.9484523844326191,0.09047619047619047,0.8142857142857143,0.0,0.0,3.0,0.09999999999999998,3.0,0.0,0.0,0.7875,0.01282051282051282,,,
exact_four,hotkey,0.056993107446249414,0.5,3,80,0.6875,0.5793222425531256,0.7784959588710517,0.28236607142857145,0.6220238095238095,0.0,0.0,3.0,0.3125,3.0125,0.0,0.0,0.78765625,0.01282051282051282,0.19188988095238096,0.11272321428571427,0.2710565476190476
near_one,hotkey,0.056993107446249414,0.5,3,80,0.9125,0.8302320449152499,0.9569679982179401,0.07916666666666666,0.8255952380952382,0.0,0.0,3.0,0.08750000000000002,3.0,0.0,0.0,0.7875,0.01282051282051282,,,
near_four,hotkey,0.056993107446249414,0.5,3,80,0.65,0.5408000664880767,0.7454544946512652,0.31666666666666665,0.5880952380952381,0.0,0.0,3.0,0.35,3.0,0.0,0.0,0.7875,0.01282051282051282,0.2375,0.15833333333333333,0.3279761904761905
copy_best_honest_first,hotkey,0.056993107446249414,0.5,3,80,1.0,0.9541818704644728,0.9999999999999999,0.4636904761904762,0.9047619047619048,0.0,0.0,3.0,0.0,3.0,0.0,0.0,0.7875,0.01282051282051282,,,
copy_best_attacker_first,hotkey,0.056993107446249414,0.5,3,80,1.0,0.9541818704644728,0.9999999999999999,0.4636904761904762,0.9047619047619048,0.0,0.0,3.0,0.0,3.0,0.0,0.0,0.7875,0.01282051282051282,,,
honest_only,digest_split,0.056993107446249414,0.5,3,80,1.0,0.9541818704644728,0.9999999999999999,0.0,0.9047619047619048,0.0,0.0,3.0,0.0,3.0,0.0,0.0,0.7875,0.01282051282051282,,,
exact_one,digest_split,0.056993107446249414,0.5,3,80,0.9,0.8148931119389591,0.9484523844326191,0.09047619047619047,0.8142857142857143,0.0,0.0,3.0,0.09999999999999998,3.0,0.0,0.0,0.7875,0.01282051282051282,,,
exact_four,digest_split,0.056993107446249414,0.5,3,80,0.9,0.8148931119389591,0.9484523844326191,0.09047619047619047,0.8142857142857143,0.0,0.0,3.0,0.09999999999999998,3.0,0.0,0.0,0.7875,0.01282051282051282,0.0,0.0,0.0
near_one,digest_split,0.056993107446249414,0.5,3,80,0.9125,0.8302320449152499,0.9569679982179401,0.07916666666666666,0.8255952380952382,0.0,0.0,3.0,0.08750000000000002,3.0,0.0,0.0,0.7875,0.01282051282051282,,,
near_four,digest_split,0.056993107446249414,0.5,3,80,0.65,0.5408000664880767,0.7454544946512652,0.31666666666666665,0.5880952380952381,0.0,0.0,3.0,0.35,3.0,0.0,0.0,0.7875,0.01282051282051282,0.2375,0.14702380952380953,0.3279761904761905
copy_best_honest_first,digest_split,0.056993107446249414,0.5,3,80,1.0,0.9541818704644728,0.9999999999999999,0.4523809523809524,0.9047619047619048,0.0,0.0,3.0,0.0,3.0,0.0,0.0,0.7875,0.01282051282051282,,,
copy_best_attacker_first,digest_split,0.056993107446249414,0.5,3,80,1.0,0.9541818704644728,0.9999999999999999,0.4523809523809524,0.9047619047619048,0.0,0.0,3.0,0.0,3.0,0.0,0.0,0.7875,0.01282051282051282,,,
honest_only,digest_first,0.056993107446249414,0.5,3,80,1.0,0.9541818704644728,0.9999999999999999,0.0,0.9047619047619048,0.0,0.0,3.0,0.0,3.0,0.0,0.0,0.7875,0.01282051282051282,,,
exact_one,digest_first,0.056993107446249414,0.5,3,80,0.9,0.8148931119389591,0.9484523844326191,0.09047619047619047,0.8142857142857143,0.0,0.0,3.0,0.09999999999999998,3.0,0.0,0.0,0.7875,0.01282051282051282,,,
exact_four,digest_first,0.056993107446249414,0.5,3,80,0.9,0.8148931119389591,0.9484523844326191,0.09047619047619047,0.8142857142857143,0.0,0.0,3.0,0.09999999999999998,3.0,0.0,0.0,0.7875,0.01282051282051282,0.0,0.0,0.0
near_one,digest_first,0.056993107446249414,0.5,3,80,0.9125,0.8302320449152499,0.9569679982179401,0.07916666666666666,0.8255952380952382,0.0,0.0,3.0,0.08750000000000002,3.0,0.0,0.0,0.7875,0.01282051282051282,,,
near_four,digest_first,0.056993107446249414,0.5,3,80,0.65,0.5408000664880767,0.7454544946512652,0.31666666666666665,0.5880952380952381,0.0,0.0,3.0,0.35,3.0,0.0,0.0,0.7875,0.01282051282051282,0.2375,0.14702380952380953,0.3279761904761905
copy_best_honest_first,digest_first,0.056993107446249414,0.5,3,80,1.0,0.9541818704644728,0.9999999999999999,0.0,0.9047619047619048,0.0,0.0,3.0,0.0,3.0,0.0,0.0,0.7875,0.01282051282051282,,,
copy_best_attacker_first,digest_first,0.056993107446249414,0.5,3,80,1.0,0.9541818704644728,0.9999999999999999,0.9047619047619048,0.9047619047619048,0.0,0.0,3.0,0.0,3.0,0.0,0.0,0.7875,0.01282051282051282,,,
honest_only,near_first_tight,0.056993107446249414,0.5,3,80,1.0,0.9541818704644728,0.9999999999999999,0.0,0.9047619047619048,0.0,0.0,3.0,0.0,3.0,0.0,0.0,0.7875,0.01282051282051282,,,
exact_one,near_first_tight,0.056993107446249414,0.5,3,80,0.9,0.8148931119389591,0.9484523844326191,0.09047619047619047,0.8142857142857143,0.0,0.0,3.0,0.09999999999999998,3.0,0.0,0.0,0.7875,0.01282051282051282,,,
exact_four,near_first_tight,0.056993107446249414,0.5,3,80,0.9,0.8148931119389591,0.9484523844326191,0.09047619047619047,0.8142857142857143,0.0,0.0,3.0,0.09999999999999998,3.0,0.0,0.0,0.7875,0.01282051282051282,0.0,0.0,0.0
near_one,near_first_tight,0.056993107446249414,0.5,3,80,0.9125,0.8302320449152499,0.9569679982179401,0.07916666666666666,0.8255952380952382,0.0,0.0,3.0,0.08750000000000002,3.0,0.0,0.0,0.7875,0.01282051282051282,,,
near_four,near_first_tight,0.056993107446249414,0.5,3,80,0.775,0.6721321021639265,0.8526679265915337,0.20357142857142857,0.7011904761904761,0.0,0.0,3.0,0.22499999999999998,3.0,0.0,0.0,0.7875,0.01282051282051282,0.1244047619047619,0.05654761904761905,0.19226190476190477
copy_best_honest_first,near_first_tight,0.056993107446249414,0.5,3,80,1.0,0.9541818704644728,0.9999999999999999,0.0,0.9047619047619048,0.0,0.0,3.0,0.0,3.0,0.0,0.0,0.7875,0.01282051282051282,,,
copy_best_attacker_first,near_first_tight,0.056993107446249414,0.5,3,80,1.0,0.9541818704644728,0.9999999999999999,0.9047619047619048,0.9047619047619048,0.0,0.0,3.0,0.0,3.0,0.0,0.0,0.7875,0.01282051282051282,,,
honest_only,near_first_wide,0.056993107446249414,0.5,3,80,1.0,0.9541818704644728,0.9999999999999999,0.0,0.9047619047619048,0.0,0.0,3.0,0.0,3.0,0.0,0.0,0.7875,0.01282051282051282,,,
exact_one,near_first_wide,0.056993107446249414,0.5,3,80,1.0,0.9541818704644728,0.9999999999999999,0.0,0.9047619047619048,0.0,0.0,3.0,0.0,3.0,0.0,37.0,0.7875,0.01282051282051282,,,
exact_four,near_first_wide,0.056993107446249414,0.5,3,80,1.0,0.9541818704644728,0.9999999999999999,0.0,0.9047619047619048,0.0,0.0,3.0,0.0,3.0,0.0,148.0,0.7875,0.01282051282051282,0.0,0.0,0.0
near_one,near_first_wide,0.056993107446249414,0.5,3,80,0.0,0.0,0.0458181295355271,0.9040178571428571,0.0,0.0,0.0,,1.0,3.025,0.0,37.0,0.7878125,0.01282051282051282,,,
near_four,near_first_wide,0.056993107446249414,0.5,3,80,0.0,0.0,0.0458181295355271,0.9040178571428571,0.0,0.0,0.0,,1.0,3.025,0.0,37.0,0.7878125,0.01282051282051282,0.0,0.0,0.0
copy_best_honest_first,near_first_wide,0.056993107446249414,0.5,3,80,1.0,0.9541818704644728,0.9999999999999999,0.0,0.9047619047619048,0.0,0.0,3.0,0.0,3.0,0.0,0.0,0.7875,0.01282051282051282,,,
copy_best_attacker_first,near_first_wide,0.056993107446249414,0.5,3,80,1.0,0.9541818704644728,0.9999999999999999,0.9047619047619048,0.9047619047619048,0.0,0.0,3.0,0.0,3.0,0.0,0.0,0.7875,0.01282051282051282,,,
honest_only,hotkey,0.056993107446249414,0.75,3,80,1.0,0.9541818704644728,0.9999999999999999,0.0,0.916083916083916,0.0,0.0,3.0,0.0,3.0,0.0,0.0,0.89375,0.00641025641025641,,,
exact_one,hotkey,0.056993107446249414,0.75,3,80,0.9,0.8148931119389591,0.9484523844326191,0.0916083916083916,0.8244755244755245,0.0,0.0,3.0,0.09999999999999998,3.0,0.0,0.0,0.89375,0.00641025641025641,,,
exact_four,hotkey,0.056993107446249414,0.75,3,80,0.6875,0.5793222425531256,0.7784959588710517,0.2859362859362859,0.6298076923076923,0.0,0.0,3.0,0.3125,3.0125,0.0,0.0,0.8938281250000001,0.00641025641025641,0.19432789432789432,0.1145104895104895,0.28525641025641024
near_one,hotkey,0.056993107446249414,0.75,3,80,0.9125,0.8302320449152499,0.9569679982179401,0.08015734265734266,0.8359265734265733,0.0,0.0,3.0,0.08750000000000002,3.0,0.0,0.0,0.89375,0.00641025641025641,,,
near_four,hotkey,0.056993107446249414,0.75,3,80,0.65,0.5408000664880767,0.7454544946512652,0.32062937062937064,0.5954545454545455,0.0,0.0,3.0,0.35,3.0,0.0,0.0,0.89375,0.00641025641025641,0.24047202797202796,0.14886363636363636,0.33208041958041956
copy_best_honest_first,hotkey,0.056993107446249414,0.75,3,80,1.0,0.9541818704644728,0.9999999999999999,0.469493006993007,0.916083916083916,0.0,0.0,3.0,0.0,3.0,0.0,0.0,0.89375,0.00641025641025641,,,
copy_best_attacker_first,hotkey,0.056993107446249414,0.75,3,80,1.0,0.9541818704644728,0.9999999999999999,0.469493006993007,0.916083916083916,0.0,0.0,3.0,0.0,3.0,0.0,0.0,0.89375,0.00641025641025641,,,
honest_only,digest_split,0.056993107446249414,0.75,3,80,1.0,0.9541818704644728,0.9999999999999999,0.0,0.916083916083916,0.0,0.0,3.0,0.0,3.0,0.0,0.0,0.89375,0.00641025641025641,,,
exact_one,digest_split,0.056993107446249414,0.75,3,80,0.9,0.8148931119389591,0.9484523844326191,0.0916083916083916,0.8244755244755245,0.0,0.0,3.0,0.09999999999999998,3.0,0.0,0.0,0.89375,0.00641025641025641,,,
exact_four,digest_split,0.056993107446249414,0.75,3,80,0.9,0.8148931119389591,0.9484523844326191,0.0916083916083916,0.8244755244755245,0.0,0.0,3.0,0.09999999999999998,3.0,0.0,0.0,0.89375,0.00641025641025641,0.0,0.0,0.0
near_one,digest_split,0.056993107446249414,0.75,3,80,0.9125,0.8302320449152499,0.9569679982179401,0.08015734265734266,0.8359265734265733,0.0,0.0,3.0,0.08750000000000002,3.0,0.0,0.0,0.89375,0.00641025641025641,,,
near_four,digest_split,0.056993107446249414,0.75,3,80,0.65,0.5408000664880767,0.7454544946512652,0.32062937062937064,0.5954545454545455,0.0,0.0,3.0,0.35,3.0,0.0,0.0,0.89375,0.00641025641025641,0.24047202797202796,0.16031468531468532,0.33208041958041956
copy_best_honest_first,digest_split,0.056993107446249414,0.75,3,80,1.0,0.9541818704644728,0.9999999999999999,0.458041958041958,0.916083916083916,0.0,0.0,3.0,0.0,3.0,0.0,0.0,0.89375,0.00641025641025641,,,
copy_best_attacker_first,digest_split,0.056993107446249414,0.75,3,80,1.0,0.9541818704644728,0.9999999999999999,0.458041958041958,0.916083916083916,0.0,0.0,3.0,0.0,3.0,0.0,0.0,0.89375,0.00641025641025641,,,
honest_only,digest_first,0.056993107446249414,0.75,3,80,1.0,0.9541818704644728,0.9999999999999999,0.0,0.916083916083916,0.0,0.0,3.0,0.0,3.0,0.0,0.0,0.89375,0.00641025641025641,,,
exact_one,digest_first,0.056993107446249414,0.75,3,80,0.9,0.8148931119389591,0.9484523844326191,0.0916083916083916,0.8244755244755245,0.0,0.0,3.0,0.09999999999999998,3.0,0.0,0.0,0.89375,0.00641025641025641,,,
exact_four,digest_first,0.056993107446249414,0.75,3,80,0.9,0.8148931119389591,0.9484523844326191,0.0916083916083916,0.8244755244755245,0.0,0.0,3.0,0.09999999999999998,3.0,0.0,0.0,0.89375,0.00641025641025641,0.0,0.0,0.0
near_one,digest_first,0.056993107446249414,0.75,3,80,0.9125,0.8302320449152499,0.9569679982179401,0.08015734265734266,0.8359265734265733,0.0,0.0,3.0,0.08750000000000002,3.0,0.0,0.0,0.89375,0.00641025641025641,,,
near_four,digest_first,0.056993107446249414,0.75,3,80,0.65,0.5408000664880767,0.7454544946512652,0.32062937062937064,0.5954545454545455,0.0,0.0,3.0,0.35,3.0,0.0,0.0,0.89375,0.00641025641025641,0.24047202797202796,0.16031468531468532,0.33208041958041956
copy_best_honest_first,digest_first,0.056993107446249414,0.75,3,80,1.0,0.9541818704644728,0.9999999999999999,0.0,0.916083916083916,0.0,0.0,3.0,0.0,3.0,0.0,0.0,0.89375,0.00641025641025641,,,
copy_best_attacker_first,digest_first,0.056993107446249414,0.75,3,80,1.0,0.9541818704644728,0.9999999999999999,0.916083916083916,0.916083916083916,0.0,0.0,3.0,0.0,3.0,0.0,0.0,0.89375,0.00641025641025641,,,
honest_only,near_first_tight,0.056993107446249414,0.75,3,80,1.0,0.9541818704644728,0.9999999999999999,0.0,0.916083916083916,0.0,0.0,3.0,0.0,3.0,0.0,0.0,0.89375,0.00641025641025641,,,
exact_one,near_first_tight,0.056993107446249414,0.75,3,80,0.9,0.8148931119389591,0.9484523844326191,0.0916083916083916,0.8244755244755245,0.0,0.0,3.0,0.09999999999999998,3.0,0.0,0.0,0.89375,0.00641025641025641,,,
exact_four,near_first_tight,0.056993107446249414,0.75,3,80,0.9,0.8148931119389591,0.9484523844326191,0.0916083916083916,0.8244755244755245,0.0,0.0,3.0,0.09999999999999998,3.0,0.0,0.0,0.89375,0.00641025641025641,0.0,0.0,0.0
near_one,near_first_tight,0.056993107446249414,0.75,3,80,0.9125,0.8302320449152499,0.9569679982179401,0.08015734265734266,0.8359265734265733,0.0,0.0,3.0,0.08750000000000002,3.0,0.0,0.0,0.89375,0.00641025641025641,,,
near_four,near_first_tight,0.056993107446249414,0.75,3,80,0.775,0.6721321021639265,0.8526679265915337,0.20611888111888113,0.7099650349650349,0.0,0.0,3.0,0.22499999999999998,3.0,0.0,0.0,0.89375,0.00641025641025641,0.12596153846153846,0.05725524475524475,0.19466783216783218
copy_best_honest_first,near_first_tight,0.056993107446249414,0.75,3,80,1.0,0.9541818704644728,0.9999999999999999,0.0,0.916083916083916,0.0,0.0,3.0,0.0,3.0,0.0,0.0,0.89375,0.00641025641025641,,,
copy_best_attacker_first,near_first_tight,0.056993107446249414,0.75,3,80,1.0,0.9541818704644728,0.9999999999999999,0.916083916083916,0.916083916083916,0.0,0.0,3.0,0.0,3.0,0.0,0.0,0.89375,0.00641025641025641,,,
honest_only,near_first_wide,0.056993107446249414,0.75,3,80,1.0,0.9541818704644728,0.9999999999999999,0.0,0.916083916083916,0.0,0.0,3.0,0.0,3.0,0.0,0.0,0.89375,0.00641025641025641,,,
exact_one,near_first_wide,0.056993107446249414,0.75,3,80,1.0,0.9541818704644728,0.9999999999999999,0.0,0.916083916083916,0.0,0.0,3.0,0.0,3.0,0.0,37.0,0.89375,0.00641025641025641,,,
exact_four,near_first_wide,0.056993107446249414,0.75,3,80,1.0,0.9541818704644728,0.9999999999999999,0.0,0.916083916083916,0.0,0.0,3.0,0.0,3.0,0.0,148.0,0.89375,0.00641025641025641,0.0,0.0,0.0
near_one,near_first_wide,0.056993107446249414,0.75,3,80,0.0,0.0,0.0458181295355271,0.9154040404040403,0.0,0.0,0.0,,1.0,3.025,0.0,37.0,0.89390625,0.00641025641025641,,,
near_four,near_first_wide,0.056993107446249414,0.75,3,80,0.0,0.0,0.0458181295355271,0.9154040404040403,0.0,0.0,0.0,,1.0,3.025,0.0,37.0,0.89390625,0.00641025641025641,0.0,0.0,0.0
copy_best_honest_first,near_first_wide,0.056993107446249414,0.75,3,80,1.0,0.9541818704644728,0.9999999999999999,0.0,0.916083916083916,0.0,0.0,3.0,0.0,3.0,0.0,0.0,0.89375,0.00641025641025641,,,
copy_best_attacker_first,near_first_wide,0.056993107446249414,0.75,3,80,1.0,0.9541818704644728,0.9999999999999999,0.916083916083916,0.916083916083916,0.0,0.0,3.0,0.0,3.0,0.0,0.0,0.89375,0.00641025641025641,,,
honest_only,hotkey,0.056993107446249414,1.0,3,80,1.0,0.9541818704644728,0.9999999999999999,0.0,0.925,0.0,0.0,3.0,0.0,3.0,0.0,0.0,1.0,0.0,,,
exact_one,hotkey,0.056993107446249414,1.0,3,80,0.9,0.8148931119389591,0.9484523844326191,0.0925,0.8325000000000001,0.0,0.0,3.0,0.09999999999999998,3.0,0.0,0.0,1.0,0.0,,,
exact_four,hotkey,0.056993107446249414,1.0,3,80,0.6875,0.5793222425531256,0.7784959588710517,0.28875,0.6359375,0.0,0.0,3.0,0.3125,3.0125,0.0,0.0,1.0,0.0,0.19625,0.1153125,0.27718750000000003
near_one,hotkey,0.056993107446249414,1.0,3,80,0.9125,0.8302320449152499,0.9569679982179401,0.08093750000000001,0.8440625,0.0,0.0,3.0,0.08750000000000002,3.0,0.0,0.0,1.0,0.0,,,
near_four,hotkey,0.056993107446249414,1.0,3,80,0.65,0.5408000664880767,0.7454544946512652,0.32375000000000004,0.6012500000000001,0.0,0.0,3.0,0.35,3.0,0.0,0.0,1.0,0.0,0.24281250000000001,0.16187500000000002,0.3353125
copy_best_honest_first,hotkey,0.056993107446249414,1.0,3,80,1.0,0.9541818704644728,0.9999999999999999,0.47406250000000005,0.925,0.0,0.0,3.0,0.0,3.0,0.0,0.0,1.0,0.0,,,
copy_best_attacker_first,hotkey,0.056993107446249414,1.0,3,80,1.0,0.9541818704644728,0.9999999999999999,0.47406250000000005,0.925,0.0,0.0,3.0,0.0,3.0,0.0,0.0,1.0,0.0,,,
honest_only,digest_split,0.056993107446249414,1.0,3,80,1.0,0.9541818704644728,0.9999999999999999,0.0,0.925,0.0,0.0,3.0,0.0,3.0,0.0,0.0,1.0,0.0,,,
exact_one,digest_split,0.056993107446249414,1.0,3,80,0.9,0.8148931119389591,0.9484523844326191,0.0925,0.8325000000000001,0.0,0.0,3.0,0.09999999999999998,3.0,0.0,0.0,1.0,0.0,,,
exact_four,digest_split,0.056993107446249414,1.0,3,80,0.9,0.8148931119389591,0.9484523844326191,0.0925,0.8325000000000001,0.0,0.0,3.0,0.09999999999999998,3.0,0.0,0.0,1.0,0.0,0.0,0.0,0.0
near_one,digest_split,0.056993107446249414,1.0,3,80,0.9125,0.8302320449152499,0.9569679982179401,0.08093750000000001,0.8440625,0.0,0.0,3.0,0.08750000000000002,3.0,0.0,0.0,1.0,0.0,,,
near_four,digest_split,0.056993107446249414,1.0,3,80,0.65,0.5408000664880767,0.7454544946512652,0.32375000000000004,0.6012500000000001,0.0,0.0,3.0,0.35,3.0,0.0,0.0,1.0,0.0,0.24281250000000001,0.16187500000000002,0.3353125
copy_best_honest_first,digest_split,0.056993107446249414,1.0,3,80,1.0,0.9541818704644728,0.9999999999999999,0.4625,0.925,0.0,0.0,3.0,0.0,3.0,0.0,0.0,1.0,0.0,,,
copy_best_attacker_first,digest_split,0.056993107446249414,1.0,3,80,1.0,0.9541818704644728,0.9999999999999999,0.4625,0.925,0.0,0.0,3.0,0.0,3.0,0.0,0.0,1.0,0.0,,,
honest_only,digest_first,0.056993107446249414,1.0,3,80,1.0,0.9541818704644728,0.9999999999999999,0.0,0.925,0.0,0.0,3.0,0.0,3.0,0.0,0.0,1.0,0.0,,,
exact_one,digest_first,0.056993107446249414,1.0,3,80,0.9,0.8148931119389591,0.9484523844326191,0.0925,0.8325000000000001,0.0,0.0,3.0,0.09999999999999998,3.0,0.0,0.0,1.0,0.0,,,
exact_four,digest_first,0.056993107446249414,1.0,3,80,0.9,0.8148931119389591,0.9484523844326191,0.0925,0.8325000000000001,0.0,0.0,3.0,0.09999999999999998,3.0,0.0,0.0,1.0,0.0,0.0,0.0,0.0
near_one,digest_first,0.056993107446249414,1.0,3,80,0.9125,0.8302320449152499,0.9569679982179401,0.08093750000000001,0.8440625,0.0,0.0,3.0,0.08750000000000002,3.0,0.0,0.0,1.0,0.0,,,
near_four,digest_first,0.056993107446249414,1.0,3,80,0.65,0.5408000664880767,0.7454544946512652,0.32375000000000004,0.6012500000000001,0.0,0.0,3.0,0.35,3.0,0.0,0.0,1.0,0.0,0.24281250000000001,0.16187500000000002,0.3353125
copy_best_honest_first,digest_first,0.056993107446249414,1.0,3,80,1.0,0.9541818704644728,0.9999999999999999,0.0,0.925,0.0,0.0,3.0,0.0,3.0,0.0,0.0,1.0,0.0,,,
copy_best_attacker_first,digest_first,0.056993107446249414,1.0,3,80,1.0,0.9541818704644728,0.9999999999999999,0.925,0.925,0.0,0.0,3.0,0.0,3.0,0.0,0.0,1.0,0.0,,,
honest_only,near_first_tight,0.056993107446249414,1.0,3,80,1.0,0.9541818704644728,0.9999999999999999,0.0,0.925,0.0,0.0,3.0,0.0,3.0,0.0,0.0,1.0,0.0,,,
exact_one,near_first_tight,0.056993107446249414,1.0,3,80,0.9,0.8148931119389591,0.9484523844326191,0.0925,0.8325000000000001,0.0,0.0,3.0,0.09999999999999998,3.0,0.0,0.0,1.0,0.0,,,
exact_four,near_first_tight,0.056993107446249414,1.0,3,80,0.9,0.8148931119389591,0.9484523844326191,0.0925,0.8325000000000001,0.0,0.0,3.0,0.09999999999999998,3.0,0.0,0.0,1.0,0.0,0.0,0.0,0.0
near_one,near_first_tight,0.056993107446249414,1.0,3,80,0.9125,0.8302320449152499,0.9569679982179401,0.08093750000000001,0.8440625,0.0,0.0,3.0,0.08750000000000002,3.0,0.0,0.0,1.0,0.0,,,
near_four,near_first_tight,0.056993107446249414,1.0,3,80,0.775,0.6721321021639265,0.8526679265915337,0.20812500000000003,0.716875,0.0,0.0,3.0,0.22499999999999998,3.0,0.0,0.0,1.0,0.0,0.1271875,0.069375,0.19656250000000003
copy_best_honest_first,near_first_tight,0.056993107446249414,1.0,3,80,1.0,0.9541818704644728,0.9999999999999999,0.0,0.925,0.0,0.0,3.0,0.0,3.0,0.0,0.0,1.0,0.0,,,
copy_best_attacker_first,near_first_tight,0.056993107446249414,1.0,3,80,1.0,0.9541818704644728,0.9999999999999999,0.925,0.925,0.0,0.0,3.0,0.0,3.0,0.0,0.0,1.0,0.0,,,
honest_only,near_first_wide,0.056993107446249414,1.0,3,80,1.0,0.9541818704644728,0.9999999999999999,0.0,0.925,0.0,0.0,3.0,0.0,3.0,0.0,0.0,1.0,0.0,,,
exact_one,near_first_wide,0.056993107446249414,1.0,3,80,1.0,0.9541818704644728,0.9999999999999999,0.0,0.925,0.0,0.0,3.0,0.0,3.0,0.0,37.0,1.0,0.0,,,
exact_four,near_first_wide,0.056993107446249414,1.0,3,80,1.0,0.9541818704644728,0.9999999999999999,0.0,0.925,0.0,0.0,3.0,0.0,3.0,0.0,148.0,1.0,0.0,0.0,0.0,0.0
near_one,near_first_wide,0.056993107446249414,1.0,3,80,0.0,0.0,0.0458181295355271,0.9243750000000001,0.0,0.0,0.0,,1.0,3.025,0.0,37.0,1.0,0.0,,,
near_four,near_first_wide,0.056993107446249414,1.0,3,80,0.0,0.0,0.0458181295355271,0.9243750000000001,0.0,0.0,0.0,,1.0,3.025,0.0,37.0,1.0,0.0,0.0,0.0,0.0
copy_best_honest_first,near_first_wide,0.056993107446249414,1.0,3,80,1.0,0.9541818704644728,0.9999999999999999,0.0,0.925,0.0,0.0,3.0,0.0,3.0,0.0,0.0,1.0,0.0,,,
copy_best_attacker_first,near_first_wide,0.056993107446249414,1.0,3,80,1.0,0.9541818704644728,0.9999999999999999,0.925,0.925,0.0,0.0,3.0,0.0,3.0,0.0,0.0,1.0,0.0,,,
honest_only,hotkey,0.1,0.5,3,80,1.0,0.9541818704644728,0.9999999999999999,0.0,0.8850108846377504,0.0,0.0,3.675,0.0,3.675,0.0,0.0,0.7959375,0.01282051282051282,,,
exact_one,hotkey,0.1,0.5,3,80,0.9875,0.9325372992233133,0.9977900244795476,0.0109375,0.8758852365442577,0.0125,0.0125,3.607594936708861,0.012499999999999956,3.6125,0.0,0.0,0.79515625,0.01282051282051282,,,
exact_four,hotkey,0.1,0.5,3,80,0.9875,0.9325372992233133,0.9977900244795476,0.0109375,0.8706863615016577,0.0125,0.0125,3.7974683544303796,0.012499999999999956,3.8,0.0,0.0,0.7975,0.01282051282051282,0.0,0.0,0.0
near_one,hotkey,0.1,0.5,3,80,1.0,0.9541818704644728,0.9999999999999999,0.0,0.8826132143732321,0.0,0.0,3.7625,0.0,3.7625,0.0,0.0,0.7970312500000001,0.01282051282051282,,,
near_four,hotkey,0.1,0.5,3,80,1.0,0.9541818704644728,0.9999999999999999,0.0,0.8786214039448547,0.0,0.0,3.9,0.0,3.9,0.0,0.0,0.79875,0.01282051282051282,0.0,0.0,0.0
copy_best_honest_first,hotkey,0.1,0.5,3,80,1.0,0.9541818704644728,0.9999999999999999,0.49392170329670326,0.895934305122738,0.0,0.0,3.3,0.0,3.3,0.0,0.0,0.79125,0.01282051282051282,,,
copy_best_attacker_first,hotkey,0.1,0.5,3,80,1.0,0.9541818704644728,0.9999999999999999,0.49392170329670326,0.895934305122738,0.0,0.0,3.3,0.0,3.3,0.0,0.0,0.79125,0.01282051282051282,,,
honest_only,digest_split,0.1,0.5,3,80,1.0,0.9541818704644728,0.9999999999999999,0.0,0.8850108846377504,0.0,0.0,3.675,0.0,3.675,0.0,0.0,0.7959375,0.01282051282051282,,,
exact_one,digest_split,0.1,0.5,3,80,0.9875,0.9325372992233133,0.9977900244795476,0.0109375,0.8758852365442577,0.0125,0.0125,3.607594936708861,0.012499999999999956,3.6125,0.0,0.0,0.79515625,0.01282051282051282,,,
exact_four,digest_split,0.1,0.5,3,80,0.9875,0.9325372992233133,0.9977900244795476,0.0109375,0.8758852365442577,0.0125,0.0125,3.607594936708861,0.012499999999999956,3.6125,0.0,0.0,0.79515625,0.01282051282051282,0.0,0.0,0.0
near_one,digest_split,0.1,0.5,3,80,1.0,0.9541818704644728,0.9999999999999999,0.0,0.8826132143732321,0.0,0.0,3.7625,0.0,3.7625,0.0,0.0,0.7970312500000001,0.01282051282051282,,,
near_four,digest_split,0.1,0.5,3,80,1.0,0.9541818704644728,0.9999999999999999,0.0,0.8786214039448547,0.0,0.0,3.9,0.0,3.9,0.0,0.0,0.79875,0.01282051282051282,0.0,0.0,0.0
copy_best_honest_first,digest_split,0.1,0.5,3,80,1.0,0.9541818704644728,0.9999999999999999,0.4401812805737575,0.880362561147515,0.0,0.0,3.8375,0.0,3.8375,0.0,0.0,0.79796875,0.01282051282051282,,,
copy_best_attacker_first,digest_split,0.1,0.5,3,80,1.0,0.9541818704644728,0.9999999999999999,0.444692562568029,0.889385125136058,0.0,0.0,3.525,0.0,3.525,0.0,0.0,0.7940625,0.01282051282051282,,,
honest_only,digest_first,0.1,0.5,3,80,1.0,0.9541818704644728,0.9999999999999999,0.0,0.8850108846377504,0.0,0.0,3.675,0.0,3.675,0.0,0.0,0.7959375,0.01282051282051282,,,
exact_one,digest_first,0.1,0.5,3,80,0.9875,0.9325372992233133,0.9977900244795476,0.0109375,0.8758852365442577,0.0125,0.0125,3.607594936708861,0.012499999999999956,3.6125,0.0,0.0,0.79515625,0.01282051282051282,,,
exact_four,digest_first,0.1,0.5,3,80,0.9875,0.9325372992233133,0.9977900244795476,0.0109375,0.8758852365442577,0.0125,0.0125,3.607594936708861,0.012499999999999956,3.6125,0.0,0.0,0.79515625,0.01282051282051282,0.0,0.0,0.0
near_one,digest_first,0.1,0.5,3,80,1.0,0.9541818704644728,0.9999999999999999,0.0,0.8826132143732321,0.0,0.0,3.7625,0.0,3.7625,0.0,0.0,0.7970312500000001,0.01282051282051282,,,
near_four,digest_first,0.1,0.5,3,80,1.0,0.9541818704644728,0.9999999999999999,0.0,0.8786214039448547,0.0,0.0,3.9,0.0,3.9,0.0,0.0,0.79875,0.01282051282051282,0.0,0.0,0.0
copy_best_honest_first,digest_first,0.1,0.5,3,80,1.0,0.9541818704644728,0.9999999999999999,0.0,0.880362561147515,0.0,0.0,3.8375,0.0,3.8375,0.0,0.0,0.79796875,0.01282051282051282,,,
copy_best_attacker_first,digest_first,0.1,0.5,3,80,1.0,0.9541818704644728,0.9999999999999999,0.889385125136058,0.889385125136058,0.0,0.0,3.525,0.0,3.525,0.0,0.0,0.7940625,0.01282051282051282,,,
honest_only,near_first_tight,0.1,0.5,3,80,1.0,0.9541818704644728,0.9999999999999999,0.0,0.8850108846377504,0.0,0.0,3.675,0.0,3.675,0.0,0.0,0.7959375,0.01282051282051282,,,
exact_one,near_first_tight,0.1,0.5,3,80,0.9875,0.9325372992233133,0.9977900244795476,0.0109375,0.8758852365442577,0.0125,0.0125,3.607594936708861,0.012499999999999956,3.6125,0.0,0.0,0.79515625,0.01282051282051282,,,
exact_four,near_first_tight,0.1,0.5,3,80,0.9875,0.9325372992233133,0.9977900244795476,0.0109375,0.8758852365442577,0.0125,0.0125,3.607594936708861,0.012499999999999956,3.6125,0.0,0.0,0.79515625,0.01282051282051282,0.0,0.0,0.0
near_one,near_first_tight,0.1,0.5,3,80,1.0,0.9541818704644728,0.9999999999999999,0.0,0.8826132143732321,0.0,0.0,3.7625,0.0,3.7625,0.0,0.0,0.7970312500000001,0.01282051282051282,,,
near_four,near_first_tight,0.1,0.5,3,80,1.0,0.9541818704644728,0.9999999999999999,0.0,0.8822411905637084,0.0,0.0,3.775,0.0,3.775,0.0,0.0,0.7971874999999999,0.01282051282051282,0.0,0.0,0.0
copy_best_honest_first,near_first_tight,0.1,0.5,3,80,1.0,0.9541818704644728,0.9999999999999999,0.0,0.880362561147515,0.0,0.0,3.8375,0.0,3.8375,0.0,0.0,0.79796875,0.01282051282051282,,,
copy_best_attacker_first,near_first_tight,0.1,0.5,3,80,1.0,0.9541818704644728,0.9999999999999999,0.889385125136058,0.889385125136058,0.0,0.0,3.525,0.0,3.525,0.0,0.0,0.7940625,0.01282051282051282,,,
honest_only,near_first_wide,0.1,0.5,3,80,1.0,0.9541818704644728,0.9999999999999999,0.0,0.8850108846377504,0.0,0.0,3.675,0.0,3.675,0.0,0.0,0.7959375,0.01282051282051282,,,
exact_one,near_first_wide,0.1,0.5,3,80,1.0,0.9541818704644728,0.9999999999999999,0.0,0.8875667841633053,0.0,0.0,3.5875,0.0,3.5875,0.0,37.0,0.79484375,0.01282051282051282,,,
exact_four,near_first_wide,0.1,0.5,3,80,1.0,0.9541818704644728,0.9999999999999999,0.0,0.8875667841633053,0.0,0.0,3.5875,0.0,3.5875,0.0,148.0,0.79484375,0.01282051282051282,0.0,0.0,0.0
near_one,near_first_wide,0.1,0.5,3,80,0.0,0.0,0.0458181295355271,0.01360296916634945,0.0,1.0,0.0375,,1.0,26.666666666666668,0.9625,38.925,0.75625,0.01330128205128205,,,
near_four,near_first_wide,0.1,0.5,3,80,0.0,0.0,0.0458181295355271,0.01360296916634945,0.0,1.0,0.0375,,1.0,26.666666666666668,0.9625,38.925,0.75625,0.01330128205128205,0.0,0.0,0.0
copy_best_honest_first,near_first_wide,0.1,0.5,3,80,1.0,0.9541818704644728,0.9999999999999999,0.0,0.880362561147515,0.0,0.0,3.8375,0.0,3.8375,0.0,0.0,0.79796875,0.01282051282051282,,,
copy_best_attacker_first,near_first_wide,0.1,0.5,3,80,1.0,0.9541818704644728,0.9999999999999999,0.889385125136058,0.889385125136058,0.0,0.0,3.525,0.0,3.525,0.0,0.0,0.7940625,0.01282051282051282,,,
honest_only,hotkey,0.1,0.75,3,80,1.0,0.9541818704644728,0.9999999999999999,0.0,0.8978669784527129,0.0,0.0,3.675,0.0,3.675,0.0,0.0,0.8979687500000001,0.00641025641025641,,,
exact_one,hotkey,0.1,0.75,3,80,0.9875,0.9325372992233133,0.9977900244795476,0.01111111111111111,0.8884363300223008,0.0125,0.0125,3.607594936708861,0.012499999999999956,3.6125,0.0,0.0,0.8975781250000001,0.00641025641025641,,,
exact_four,hotkey,0.1,0.75,3,80,0.9875,0.9325372992233133,0.9977900244795476,0.01111111111111111,0.883500178449923,0.0125,0.0125,3.7974683544303796,0.012499999999999956,3.8,0.0,0.0,0.89875,0.00641025641025641,0.0,0.0,0.0
near_one,hotkey,0.1,0.75,3,80,1.0,0.9541818704644728,0.9999999999999999,0.0,0.895574419934387,0.0,0.0,3.7625,0.0,3.7625,0.0,0.0,0.8985156250000002,0.00641025641025641,,,
near_four,hotkey,0.1,0.75,3,80,1.0,0.9541818704644728,0.9999999999999999,0.0,0.8918768237710374,0.0,0.0,3.9,0.0,3.9,0.0,0.0,0.899375,0.00641025641025641,0.0,0.0,0.0
copy_best_honest_first,hotkey,0.1,0.75,3,80,1.0,0.9541818704644728,0.9999999999999999,0.5004561530423599,0.9079672243465347,0.0,0.0,3.3,0.0,3.3,0.0,0.0,0.8956250000000001,0.00641025641025641,,,
copy_best_attacker_first,hotkey,0.1,0.75,3,80,1.0,0.9541818704644728,0.9999999999999999,0.5004561530423599,0.9079672243465347,0.0,0.0,3.3,0.0,3.3,0.0,0.0,0.8956250000000001,0.00641025641025641,,,
honest_only,digest_split,0.1,0.75,3,80,1.0,0.9541818704644728,0.9999999999999999,0.0,0.8978669784527129,0.0,0.0,3.675,0.0,3.675,0.0,0.0,0.8979687500000001,0.00641025641025641,,,
exact_one,digest_split,0.1,0.75,3,80,0.9875,0.9325372992233133,0.9977900244795476,0.01111111111111111,0.8884363300223008,0.0125,0.0125,3.607594936708861,0.012499999999999956,3.6125,0.0,0.0,0.8975781250000001,0.00641025641025641,,,
exact_four,digest_split,0.1,0.75,3,80,0.9875,0.9325372992233133,0.9977900244795476,0.01111111111111111,0.8884363300223008,0.0125,0.0125,3.607594936708861,0.012499999999999956,3.6125,0.0,0.0,0.8975781250000001,0.00641025641025641,0.0,0.0,0.0
near_one,digest_split,0.1,0.75,3,80,1.0,0.9541818704644728,0.9999999999999999,0.0,0.895574419934387,0.0,0.0,3.7625,0.0,3.7625,0.0,0.0,0.8985156250000002,0.00641025641025641,,,
near_four,digest_split,0.1,0.75,3,80,1.0,0.9541818704644728,0.9999999999999999,0.0,0.8918768237710374,0.0,0.0,3.9,0.0,3.9,0.0,0.0,0.899375,0.00641025641025641,0.0,0.0,0.0
copy_best_honest_first,digest_split,0.1,0.75,3,80,1.0,0.9541818704644728,0.9999999999999999,0.44676312831426196,0.8935262566285239,0.0,0.0,3.8375,0.0,3.8375,0.0,0.0,0.8989843750000001,0.00641025641025641,,,
copy_best_attacker_first,digest_split,0.1,0.75,3,80,1.0,0.9541818704644728,0.9999999999999999,0.4509545042817362,0.9019090085634724,0.0,0.0,3.525,0.0,3.525,0.0,0.0,0.8970312500000001,0.00641025641025641,,,
honest_only,digest_first,0.1,0.75,3,80,1.0,0.9541818704644728,0.9999999999999999,0.0,0.8978669784527129,0.0,0.0,3.675,0.0,3.675,0.0,0.0,0.8979687500000001,0.00641025641025641,,,
exact_one,digest_first,0.1,0.75,3,80,0.9875,0.9325372992233133,0.9977900244795476,0.01111111111111111,0.8884363300223008,0.0125,0.0125,3.607594936708861,0.012499999999999956,3.6125,0.0,0.0,0.8975781250000001,0.00641025641025641,,,
exact_four,digest_first,0.1,0.75,3,80,0.9875,0.9325372992233133,0.9977900244795476,0.01111111111111111,0.8884363300223008,0.0125,0.0125,3.607594936708861,0.012499999999999956,3.6125,0.0,0.0,0.8975781250000001,0.00641025641025641,0.0,0.0,0.0
near_one,digest_first,0.1,0.75,3,80,1.0,0.9541818704644728,0.9999999999999999,0.0,0.895574419934387,0.0,0.0,3.7625,0.0,3.7625,0.0,0.0,0.8985156250000002,0.00641025641025641,,,
near_four,digest_first,0.1,0.75,3,80,1.0,0.9541818704644728,0.9999999999999999,0.0,0.8918768237710374,0.0,0.0,3.9,0.0,3.9,0.0,0.0,0.899375,0.00641025641025641,0.0,0.0,0.0
copy_best_honest_first,digest_first,0.1,0.75,3,80,1.0,0.9541818704644728,0.9999999999999999,0.0,0.8935262566285239,0.0,0.0,3.8375,0.0,3.8375,0.0,0.0,0.8989843750000001,0.00641025641025641,,,
copy_best_attacker_first,digest_first,0.1,0.75,3,80,1.0,0.9541818704644728,0.9999999999999999,0.9019090085634724,0.9019090085634724,0.0,0.0,3.525,0.0,3.525,0.0,0.0,0.8970312500000001,0.00641025641025641,,,
honest_only,near_first_tight,0.1,0.75,3,80,1.0,0.9541818704644728,0.9999999999999999,0.0,0.8978669784527129,0.0,0.0,3.675,0.0,3.675,0.0,0.0,0.8979687500000001,0.00641025641025641,,,
exact_one,near_first_tight,0.1,0.75,3,80,0.9875,0.9325372992233133,0.9977900244795476,0.01111111111111111,0.8884363300223008,0.0125,0.0125,3.607594936708861,0.012499999999999956,3.6125,0.0,0.0,0.8975781250000001,0.00641025641025641,,,
exact_four,near_first_tight,0.1,0.75,3,80,0.9875,0.9325372992233133,0.9977900244795476,0.01111111111111111,0.8884363300223008,0.0125,0.0125,3.607594936708861,0.012499999999999956,3.6125,0.0,0.0,0.8975781250000001,0.00641025641025641,0.0,0.0,0.0
near_one,near_first_tight,0.1,0.75,3,80,1.0,0.9541818704644728,0.9999999999999999,0.0,0.895574419934387,0.0,0.0,3.7625,0.0,3.7625,0.0,0.0,0.8985156250000002,0.00641025641025641,,,
near_four,near_first_tight,0.1,0.75,3,80,1.0,0.9541818704644728,0.9999999999999999,0.0,0.8952344820944491,0.0,0.0,3.775,0.0,3.775,0.0,0.0,0.8985937500000001,0.00641025641025641,0.0,0.0,0.0
copy_best_honest_first,near_first_tight,0.1,0.75,3,80,1.0,0.9541818704644728,0.9999999999999999,0.0,0.8935262566285239,0.0,0.0,3.8375,0.0,3.8375,0.0,0.0,0.8989843750000001,0.00641025641025641,,,
copy_best_attacker_first,near_first_tight,0.1,0.75,3,80,1.0,0.9541818704644728,0.9999999999999999,0.9019090085634724,0.9019090085634724,0.0,0.0,3.525,0.0,3.525,0.0,0.0,0.8970312500000001,0.00641025641025641,,,
honest_only,near_first_wide,0.1,0.75,3,80,1.0,0.9541818704644728,0.9999999999999999,0.0,0.8978669784527129,0.0,0.0,3.675,0.0,3.675,0.0,0.0,0.8979687500000001,0.00641025641025641,,,
exact_one,near_first_wide,0.1,0.75,3,80,1.0,0.9541818704644728,0.9999999999999999,0.0,0.9002273168132875,0.0,0.0,3.5875,0.0,3.5875,0.0,37.0,0.897421875,0.00641025641025641,,,
exact_four,near_first_wide,0.1,0.75,3,80,1.0,0.9541818704644728,0.9999999999999999,0.0,0.9002273168132875,0.0,0.0,3.5875,0.0,3.5875,0.0,148.0,0.897421875,0.00641025641025641,0.0,0.0,0.0
near_one,near_first_wide,0.1,0.75,3,80,0.0,0.0,0.0458181295355271,0.013026548328834164,0.0,1.0,0.0375,,1.0,26.666666666666668,0.9625,38.925,0.878125,0.006650641025641025,,,
near_four,near_first_wide,0.1,0.75,3,80,0.0,0.0,0.0458181295355271,0.013026548328834164,0.0,1.0,0.0375,,1.0,26.666666666666668,0.9625,38.925,0.878125,0.006650641025641025,0.0,0.0,0.0
copy_best_honest_first,near_first_wide,0.1,0.75,3,80,1.0,0.9541818704644728,0.9999999999999999,0.0,0.8935262566285239,0.0,0.0,3.8375,0.0,3.8375,0.0,0.0,0.8989843750000001,0.00641025641025641,,,
copy_best_attacker_first,near_first_wide,0.1,0.75,3,80,1.0,0.9541818704644728,0.9999999999999999,0.9019090085634724,0.9019090085634724,0.0,0.0,3.525,0.0,3.525,0.0,0.0,0.8970312500000001,0.00641025641025641,,,
honest_only,hotkey,0.1,1.0,3,80,1.0,0.9541818704644728,0.9999999999999999,0.0,0.9081250000000001,0.0,0.0,3.675,0.0,3.675,0.0,0.0,1.0,0.0,,,
exact_one,hotkey,0.1,1.0,3,80,0.9875,0.9325372992233133,0.9977900244795476,0.01125,0.8984375,0.0125,0.0125,3.607594936708861,0.012499999999999956,3.6125,0.0,0.0,1.0,0.0,,,
exact_four,hotkey,0.1,1.0,3,80,0.9875,0.9325372992233133,0.9977900244795476,0.01125,0.89375,0.0125,0.0125,3.7974683544303796,0.012499999999999956,3.8,0.0,0.0,1.0,0.0,0.0,0.0,0.0
near_one,hotkey,0.1,1.0,3,80,1.0,0.9541818704644728,0.9999999999999999,0.0,0.9059375000000001,0.0,0.0,3.7625,0.0,3.7625,0.0,0.0,1.0,0.0,,,
near_four,hotkey,0.1,1.0,3,80,1.0,0.9541818704644728,0.9999999999999999,0.0,0.9025000000000001,0.0,0.0,3.9,0.0,3.9,0.0,0.0,1.0,0.0,0.0,0.0,0.0
copy_best_honest_first,hotkey,0.1,1.0,3,80,1.0,0.9541818704644728,0.9999999999999999,0.505625,0.9175000000000001,0.0,0.0,3.3,0.0,3.3,0.0,0.0,1.0,0.0,,,
copy_best_attacker_first,hotkey,0.1,1.0,3,80,1.0,0.9541818704644728,0.9999999999999999,0.505625,0.9175000000000001,0.0,0.0,3.3,0.0,3.3,0.0,0.0,1.0,0.0,,,
honest_only,digest_split,0.1,1.0,3,80,1.0,0.9541818704644728,0.9999999999999999,0.0,0.9081250000000001,0.0,0.0,3.675,0.0,3.675,0.0,0.0,1.0,0.0,,,
exact_one,digest_split,0.1,1.0,3,80,0.9875,0.9325372992233133,0.9977900244795476,0.01125,0.8984375,0.0125,0.0125,3.607594936708861,0.012499999999999956,3.6125,0.0,0.0,1.0,0.0,,,
exact_four,digest_split,0.1,1.0,3,80,0.9875,0.9325372992233133,0.9977900244795476,0.01125,0.8984375,0.0125,0.0125,3.607594936708861,0.012499999999999956,3.6125,0.0,0.0,1.0,0.0,0.0,0.0,0.0
near_one,digest_split,0.1,1.0,3,80,1.0,0.9541818704644728,0.9999999999999999,0.0,0.9059375000000001,0.0,0.0,3.7625,0.0,3.7625,0.0,0.0,1.0,0.0,,,
near_four,digest_split,0.1,1.0,3,80,1.0,0.9541818704644728,0.9999999999999999,0.0,0.9025000000000001,0.0,0.0,3.9,0.0,3.9,0.0,0.0,1.0,0.0,0.0,0.0,0.0
copy_best_honest_first,digest_split,0.1,1.0,3,80,1.0,0.9541818704644728,0.9999999999999999,0.45203125,0.9040625,0.0,0.0,3.8375,0.0,3.8375,0.0,0.0,1.0,0.0,,,
copy_best_attacker_first,digest_split,0.1,1.0,3,80,1.0,0.9541818704644728,0.9999999999999999,0.4559375,0.911875,0.0,0.0,3.525,0.0,3.525,0.0,0.0,1.0,0.0,,,
honest_only,digest_first,0.1,1.0,3,80,1.0,0.9541818704644728,0.9999999999999999,0.0,0.9081250000000001,0.0,0.0,3.675,0.0,3.675,0.0,0.0,1.0,0.0,,,
exact_one,digest_first,0.1,1.0,3,80,0.9875,0.9325372992233133,0.9977900244795476,0.01125,0.8984375,0.0125,0.0125,3.607594936708861,0.012499999999999956,3.6125,0.0,0.0,1.0,0.0,,,
exact_four,digest_first,0.1,1.0,3,80,0.9875,0.9325372992233133,0.9977900244795476,0.01125,0.8984375,0.0125,0.0125,3.607594936708861,0.012499999999999956,3.6125,0.0,0.0,1.0,0.0,0.0,0.0,0.0
near_one,digest_first,0.1,1.0,3,80,1.0,0.9541818704644728,0.9999999999999999,0.0,0.9059375000000001,0.0,0.0,3.7625,0.0,3.7625,0.0,0.0,1.0,0.0,,,
near_four,digest_first,0.1,1.0,3,80,1.0,0.9541818704644728,0.9999999999999999,0.0,0.9025000000000001,0.0,0.0,3.9,0.0,3.9,0.0,0.0,1.0,0.0,0.0,0.0,0.0
copy_best_honest_first,digest_first,0.1,1.0,3,80,1.0,0.9541818704644728,0.9999999999999999,0.0,0.9040625,0.0,0.0,3.8375,0.0,3.8375,0.0,0.0,1.0,0.0,,,
copy_best_attacker_first,digest_first,0.1,1.0,3,80,1.0,0.9541818704644728,0.9999999999999999,0.911875,0.911875,0.0,0.0,3.525,0.0,3.525,0.0,0.0,1.0,0.0,,,
honest_only,near_first_tight,0.1,1.0,3,80,1.0,0.9541818704644728,0.9999999999999999,0.0,0.9081250000000001,0.0,0.0,3.675,0.0,3.675,0.0,0.0,1.0,0.0,,,
exact_one,near_first_tight,0.1,1.0,3,80,0.9875,0.9325372992233133,0.9977900244795476,0.01125,0.8984375,0.0125,0.0125,3.607594936708861,0.012499999999999956,3.6125,0.0,0.0,1.0,0.0,,,
exact_four,near_first_tight,0.1,1.0,3,80,0.9875,0.9325372992233133,0.9977900244795476,0.01125,0.8984375,0.0125,0.0125,3.607594936708861,0.012499999999999956,3.6125,0.0,0.0,1.0,0.0,0.0,0.0,0.0
near_one,near_first_tight,0.1,1.0,3,80,1.0,0.9541818704644728,0.9999999999999999,0.0,0.9059375000000001,0.0,0.0,3.7625,0.0,3.7625,0.0,0.0,1.0,0.0,,,
near_four,near_first_tight,0.1,1.0,3,80,1.0,0.9541818704644728,0.9999999999999999,0.0,0.905625,0.0,0.0,3.775,0.0,3.775,0.0,0.0,1.0,0.0,0.0,0.0,0.0
copy_best_honest_first,near_first_tight,0.1,1.0,3,80,1.0,0.9541818704644728,0.9999999999999999,0.0,0.9040625,0.0,0.0,3.8375,0.0,3.8375,0.0,0.0,1.0,0.0,,,
copy_best_attacker_first,near_first_tight,0.1,1.0,3,80,1.0,0.9541818704644728,0.9999999999999999,0.911875,0.911875,0.0,0.0,3.525,0.0,3.525,0.0,0.0,1.0,0.0,,,
honest_only,near_first_wide,0.1,1.0,3,80,1.0,0.9541818704644728,0.9999999999999999,0.0,0.9081250000000001,0.0,0.0,3.675,0.0,3.675,0.0,0.0,1.0,0.0,,,
exact_one,near_first_wide,0.1,1.0,3,80,1.0,0.9541818704644728,0.9999999999999999,0.0,0.9103125000000001,0.0,0.0,3.5875,0.0,3.5875,0.0,37.0,1.0,0.0,,,
exact_four,near_first_wide,0.1,1.0,3,80,1.0,0.9541818704644728,0.9999999999999999,0.0,0.9103125000000001,0.0,0.0,3.5875,0.0,3.5875,0.0,148.0,1.0,0.0,0.0,0.0,0.0
near_one,near_first_wide,0.1,1.0,3,80,0.0,0.0,0.0458181295355271,0.0125,0.0,1.0,0.0375,,1.0,26.666666666666668,0.9625,38.925,1.0,0.0,,,
near_four,near_first_wide,0.1,1.0,3,80,0.0,0.0,0.0458181295355271,0.0125,0.0,1.0,0.0375,,1.0,26.666666666666668,0.9625,38.925,1.0,0.0,0.0,0.0,0.0
copy_best_honest_first,near_first_wide,0.1,1.0,3,80,1.0,0.9541818704644728,0.9999999999999999,0.0,0.9040625,0.0,0.0,3.8375,0.0,3.8375,0.0,0.0,1.0,0.0,,,
copy_best_attacker_first,near_first_wide,0.1,1.0,3,80,1.0,0.9541818704644728,0.9999999999999999,0.911875,0.911875,0.0,0.0,3.525,0.0,3.525,0.0,0.0,1.0,0.0,,,
